number,value,datetime_start,datetime_complete,duration,params_embedding_mode,params_learning_rate,params_n_nodes_layer_0,params_n_nodes_layer_1,params_n_nodes_layer_2,params_n_nodes_layer_3,params_num_hidden_layers,params_segmentation_dropout_rate,params_total_updates,params_updates_per_epoch,params_weight_decay_embedding,params_weight_decay_segmentation,user_attrs_scaledentropy,user_attrs_test/rho2,user_attrs_test_acc,state
168,0.6428675651550293,2025-10-26 12:12:49.140257,2025-10-26 12:12:54.139694,4,class-specific,0.011643503904425286,64,64,64.0,,3,0.08631559712353555,600,20,0.0012786156374346993,0.00021879220722900283,0.534671425819397,0.41483670473098755,0.7267699241638184,COMPLETE
69,0.6445260643959045,2025-10-26 12:02:46.756471,2025-10-26 12:02:51.322068,4,class-specific,0.022596837081871025,128,64,64.0,,3,0.09784776926066464,600,20,0.00036168949641672126,0.0001841841984813173,0.7996880412101746,0.41332703828811646,0.7234513163566589,COMPLETE
182,0.6521086692810059,2025-10-26 12:14:03.640052,2025-10-26 12:14:08.609383,4,class-specific,0.009451769097685503,128,64,64.0,,3,0.08906223250328599,600,20,0.0001133504900662364,0.00023863262246762173,0.5376702547073364,0.4064250588417053,0.7195796370506287,COMPLETE
107,0.6559203267097473,2025-10-26 12:07:01.764675,2025-10-26 12:07:07.948403,6,class-specific,0.01521738405712342,128,256,128.0,128.0,4,0.13286824421582633,1500,20,0.00020076212188497659,0.0024124232327460983,0.6759792566299438,0.40295565128326416,0.7240044474601746,COMPLETE
78,0.6573475003242493,2025-10-26 12:03:27.417058,2025-10-26 12:03:31.931274,4,class-specific,0.03011597070342197,128,64,64.0,,3,0.13447572246294895,600,20,0.00858908210805367,0.00022163322190190085,0.6633994579315186,0.40165644884109497,0.7107300758361816,COMPLETE
144,0.6595011353492737,2025-10-26 12:10:31.372279,2025-10-26 12:10:36.208105,4,class-specific,0.016282084392302724,128,64,64.0,,3,0.09201557098493018,600,20,0.0005406290956438404,0.00019395940140392245,0.6308721303939819,0.39969611167907715,0.7134955525398254,COMPLETE
188,0.6625039577484131,2025-10-26 12:14:30.664569,2025-10-26 12:14:36.027410,5,class-specific,0.010883599846205969,256,64,64.0,,3,0.06164414016942971,300,20,0.00011336561617508056,0.0014195994739164023,0.5404328107833862,0.3969629406929016,0.7107300758361816,COMPLETE
150,0.6664003133773804,2025-10-26 12:11:18.717723,2025-10-26 12:11:23.193512,4,class-specific,0.011557388641962475,128,64,64.0,,3,0.14410551605657215,600,10,0.0010947879543068799,0.00021220593882599297,0.38183483481407166,0.3934163451194763,0.7079645991325378,COMPLETE
67,0.6687915921211243,2025-10-26 12:02:35.930005,2025-10-26 12:02:41.478520,5,class-specific,0.014324539845247003,128,64,64.0,,3,0.07150896396148437,600,20,0.0063861156806554985,0.00015144010126645036,0.5899514555931091,0.3912397623062134,0.7157079577445984,COMPLETE
97,0.6698713898658752,2025-10-26 12:05:57.277435,2025-10-26 12:06:01.736591,4,class-specific,0.018987127170050494,128,256,64.0,64.0,4,0.06357283926359847,300,20,0.008777058433313516,0.003907096296936406,0.7919806838035583,0.39025676250457764,0.7184734344482422,COMPLETE
108,0.671261191368103,2025-10-26 12:07:07.987642,2025-10-26 12:07:12.255231,4,class-specific,0.01888047752156979,128,64,128.0,128.0,4,0.054337362330484654,600,10,0.00017185473832470626,0.002337181184316899,0.6776889562606812,0.3889917731285095,0.7118362784385681,COMPLETE
169,0.6714299321174622,2025-10-26 12:12:54.169559,2025-10-26 12:12:58.149877,3,class-specific,0.011397429323857572,64,64,64.0,,3,0.03985915765112441,600,20,0.0011873597245758486,0.00030621304150455777,0.3270251452922821,0.38883811235427856,0.7118362784385681,COMPLETE
186,0.6717921495437622,2025-10-26 12:14:20.726467,2025-10-26 12:14:25.632021,4,class-specific,0.010468836691283056,256,64,128.0,,3,0.08700161068777627,300,20,0.0001170978495303855,0.00018800824328743692,0.7519233226776123,0.3885084390640259,0.7151548862457275,COMPLETE
189,0.6727656722068787,2025-10-26 12:14:36.061090,2025-10-26 12:14:39.930201,3,class-specific,0.011007122168450564,256,64,64.0,,3,0.04668268913302095,300,20,0.00011271449499458612,0.0001696726946519693,0.4541190564632416,0.3876223564147949,0.7201327681541443,COMPLETE
120,0.6732364296913147,2025-10-26 12:08:12.569214,2025-10-26 12:08:17.704992,5,class-specific,0.01795125474447333,64,64,128.0,256.0,4,0.14767847149018454,600,20,0.0010360204342956638,0.0002948160018043292,0.6459596157073975,0.3871937394142151,0.7151548862457275,COMPLETE
160,0.6735734343528748,2025-10-26 12:12:07.650515,2025-10-26 12:12:13.120080,5,class-specific,0.008701063942151645,256,64,128.0,,3,0.0669700570104079,600,20,0.00016394320775659396,0.0030148433458016075,0.6426640152931213,0.3868870735168457,0.7168141603469849,COMPLETE
136,0.673957109451294,2025-10-26 12:09:46.374218,2025-10-26 12:09:51.236749,4,class-specific,0.00978004561722107,128,64,64.0,,3,0.09175420490123735,600,20,0.0005990600872457397,0.0014378504388925144,0.8109148144721985,0.38653773069381714,0.7107300758361816,COMPLETE
44,0.6739669442176819,2025-10-26 11:59:52.037453,2025-10-26 11:59:57.495184,5,class-specific,0.012186157133108833,128,64,128.0,256.0,4,0.069383709295372,600,20,0.00941881539835395,0.00022155625478855156,0.4312032461166382,0.3865288496017456,0.7107300758361816,COMPLETE
40,0.6760039329528809,2025-10-26 11:59:33.630406,2025-10-26 11:59:38.492419,4,class-specific,0.01145780323713138,128,64,128.0,256.0,4,0.07646722662245309,600,20,0.0002989285544125198,0.00023670430134126074,0.7591469883918762,0.38467472791671753,0.7046459913253784,COMPLETE
90,0.6775832772254944,2025-10-26 12:04:34.957887,2025-10-26 12:04:39.853035,4,class-specific,0.01965316083201044,64,64,64.0,,3,0.12174041557477136,600,1,0.0010703359196603806,0.00029877604611368405,0.770585834980011,0.38323724269866943,0.7134955525398254,COMPLETE
137,0.6776894330978394,2025-10-26 12:09:51.265188,2025-10-26 12:09:57.645389,6,class-specific,0.008448093117693206,128,64,64.0,,3,0.09166767285231897,600,20,0.0013833467225459295,0.0016128345361088767,0.5246789455413818,0.383140504360199,0.7090708017349243,COMPLETE
45,0.6783730983734131,2025-10-26 11:59:57.527800,2025-10-26 12:00:05.958269,8,class-specific,0.013579482390991339,64,64,128.0,256.0,4,0.09206726150407965,600,40,0.0012276129512259256,0.00021750700459458166,0.5786178708076477,0.38251829147338867,0.7063053250312805,COMPLETE
83,0.6795928478240967,2025-10-26 12:03:54.609312,2025-10-26 12:03:59.750941,5,class-specific,0.012524076596473874,128,64,64.0,,3,0.11810513464184898,600,20,0.0005578232002921219,0.0002102373303213031,0.6475012898445129,0.3814079165458679,0.7112832069396973,COMPLETE
42,0.6798279285430908,2025-10-26 11:59:43.134838,2025-10-26 11:59:47.267707,4,class-specific,0.013956858467973145,128,64,128.0,256.0,4,0.0798213714330056,600,20,0.0007437006983095777,0.000205301024990293,0.779971182346344,0.38119393587112427,0.7118362784385681,COMPLETE
102,0.6798938512802124,2025-10-26 12:06:28.556963,2025-10-26 12:06:34.841707,6,class-specific,0.013721467912222918,128,256,64.0,64.0,4,0.08300752833829295,1500,20,0.0006680929285767156,0.0018791679611817177,0.7541754245758057,0.381134033203125,0.7201327681541443,COMPLETE
148,0.6803183555603027,2025-10-26 12:11:08.657338,2025-10-26 12:11:13.482478,4,class-specific,0.015696383298468734,128,64,64.0,,3,0.11675646777490611,600,20,0.00029815872125983585,0.00023597603060019874,0.5215013027191162,0.3807476758956909,0.6935840845108032,COMPLETE
183,0.6809709668159485,2025-10-26 12:14:08.640006,2025-10-26 12:14:13.121534,4,class-specific,0.008448373938674987,128,64,64.0,,3,0.09172245706962265,600,20,0.00010236107691825984,0.00024508853618455706,0.2607840597629547,0.38015347719192505,0.6941371560096741,COMPLETE
193,0.6814268827438354,2025-10-26 12:14:51.704270,2025-10-26 12:14:54.390872,2,class-specific,0.013824810222273996,256,64,64.0,,3,0.03360305820344217,300,20,0.00014154520095265445,0.00021615304240314202,0.5276280641555786,0.3797385096549988,0.7090708017349243,COMPLETE
135,0.6816124320030212,2025-10-26 12:09:42.269403,2025-10-26 12:09:46.335354,4,class-specific,0.013891244456403764,128,256,64.0,64.0,4,0.10461475947814873,1500,20,0.0017956692241258146,0.0027662306312870844,0.4172592759132385,0.3795696496963501,0.6969026327133179,COMPLETE
173,0.6817489862442017,2025-10-26 12:13:12.923537,2025-10-26 12:13:17.255191,4,class-specific,0.014965731356377243,64,64,64.0,,3,0.030484592348978018,600,20,0.0010388712032243642,0.0002509600565588038,0.8252400755882263,0.37944525480270386,0.7146017551422119,COMPLETE
12,0.6819934844970703,2025-10-26 11:56:55.152783,2025-10-26 11:57:00.208926,5,shared,0.02216698186782427,128,128,64.0,,3,0.27960784406719374,900,20,0.0005195342908837098,0.0001350635462356687,0.7710516452789307,0.3792228102684021,0.7090708017349243,COMPLETE
94,0.6823055148124695,2025-10-26 12:05:38.830289,2025-10-26 12:05:44.197879,5,class-specific,0.021383111991844988,64,64,128.0,,3,0.1498602110662315,600,1,0.000328801971465497,0.00026292996852401263,0.45059263706207275,0.3789386749267578,0.6980088353157043,COMPLETE
73,0.682434618473053,2025-10-26 12:03:05.534549,2025-10-26 12:03:09.916467,4,class-specific,0.016593223285380806,128,64,64.0,,3,0.10950973165566863,900,20,0.0005902630699461707,0.00017994666871402253,0.26352164149284363,0.37882113456726074,0.7057521939277649,COMPLETE
133,0.6824758052825928,2025-10-26 12:09:32.913724,2025-10-26 12:09:39.103883,6,class-specific,0.013442957492523286,128,256,64.0,256.0,4,0.08757307674460063,1500,20,0.0009878222120566563,0.0021993587620574113,0.5243877172470093,0.3787837624549866,0.7090708017349243,COMPLETE
170,0.6837100386619568,2025-10-26 12:12:58.179117,2025-10-26 12:13:03.471890,5,class-specific,0.00988819400942824,64,64,64.0,,3,0.022060651848534535,600,20,0.0011071164835382114,0.00031946698405992217,0.5656267404556274,0.37766033411026,0.7063053250312805,COMPLETE
112,0.6855170726776123,2025-10-26 12:07:28.252183,2025-10-26 12:07:33.758412,5,class-specific,0.016532641764473013,128,64,128.0,128.0,4,0.13311579361015347,600,10,0.006888260232138368,0.0024448499067488004,0.7534804344177246,0.376015305519104,0.7096238732337952,COMPLETE
177,0.6858174800872803,2025-10-26 12:13:30.088076,2025-10-26 12:13:34.431129,4,class-specific,0.021889468168896305,64,64,64.0,,3,0.05581350354477649,1200,40,0.001534996017962816,0.00026892887375073483,0.5872625708580017,0.37574201822280884,0.7079645991325378,COMPLETE
139,0.6867145299911499,2025-10-26 12:10:02.949882,2025-10-26 12:10:10.574459,7,class-specific,0.009657386698710213,64,64,64.0,,3,0.09480863942713913,600,40,0.0003209653870154332,0.0012352136646389103,0.5116506218910217,0.374925434589386,0.705199122428894,COMPLETE
140,0.6872331500053406,2025-10-26 12:10:10.611053,2025-10-26 12:10:16.088203,5,class-specific,0.007352521510430364,128,64,64.0,,3,0.20460521768441808,600,20,0.00012177752368659964,0.0016858855690435257,0.25368183851242065,0.3744533658027649,0.685287594795227,COMPLETE
145,0.6874088048934937,2025-10-26 12:10:36.228182,2025-10-26 12:10:40.081664,3,class-specific,0.018413180025528917,128,64,64.0,,3,0.09186774488011205,600,20,0.0004511081179567431,0.00019137843599847788,0.6542761921882629,0.37429362535476685,0.7118362784385681,COMPLETE
132,0.6878546476364136,2025-10-26 12:09:29.746993,2025-10-26 12:09:32.833969,3,class-specific,0.01458421094011442,128,256,64.0,64.0,4,0.08004135556507949,1500,20,0.0012017607443685358,0.002068553464108122,0.6661403775215149,0.3738877773284912,0.6974557638168335,COMPLETE
89,0.687934398651123,2025-10-26 12:04:29.258755,2025-10-26 12:04:34.927871,5,class-specific,0.008292171023956614,128,128,64.0,,3,0.17297321031266583,1200,20,0.004841345838249927,0.0001568829972105762,0.38903728127479553,0.37381523847579956,0.696349561214447,COMPLETE
36,0.6893523931503296,2025-10-26 11:59:09.863354,2025-10-26 11:59:14.342452,4,class-specific,0.02112428365402996,128,64,128.0,256.0,4,0.34920693390752633,900,20,0.00028095093966982375,0.00026122635905983155,0.3891927897930145,0.3725244402885437,0.6930309534072876,COMPLETE
138,0.6898308992385864,2025-10-26 12:09:57.666719,2025-10-26 12:10:02.870358,5,class-specific,0.008410976896487551,128,64,64.0,,3,0.1357267768472316,600,20,0.001376904948027056,0.001471913460678259,0.4341370463371277,0.3720889091491699,0.6974557638168335,COMPLETE
65,0.690232515335083,2025-10-26 12:02:25.523597,2025-10-26 12:02:29.870019,4,class-specific,0.01429122781628771,128,64,64.0,,3,0.0349352004651702,600,20,0.003305792890620469,0.00012291125050541615,0.8155810832977295,0.37172311544418335,0.7068583965301514,COMPLETE
106,0.6904991865158081,2025-10-26 12:06:58.306824,2025-10-26 12:07:01.693398,3,class-specific,0.013347699812591774,128,256,64.0,64.0,4,0.10113608279565005,1500,20,0.009845257644416615,0.0009244666286904674,0.27078530192375183,0.3714805841445923,0.6858407258987427,COMPLETE
99,0.6909247040748596,2025-10-26 12:06:08.263908,2025-10-26 12:06:16.487213,8,class-specific,0.015983758196311863,64,256,128.0,64.0,4,0.041175202718130896,300,40,0.0070903129977553546,0.002871435291682315,0.37217438220977783,0.371093213558197,0.7007743120193481,COMPLETE
171,0.6913686990737915,2025-10-26 12:13:03.490203,2025-10-26 12:13:07.674356,4,class-specific,0.010632803661607843,64,64,64.0,,3,0.0411696796732421,600,20,0.001214096082696249,0.0002852240034474457,0.7848429083824158,0.3706890940666199,0.6919247508049011,COMPLETE
77,0.691525399684906,2025-10-26 12:03:22.381631,2025-10-26 12:03:27.361175,4,class-specific,0.0178430453357384,128,64,64.0,,3,0.050303311178928486,900,20,0.00037960618221723224,0.00011516116825312784,0.5595350861549377,0.37054646015167236,0.7013274431228638,COMPLETE
161,0.69157874584198,2025-10-26 12:12:13.150471,2025-10-26 12:12:18.103623,4,class-specific,0.00904072668211124,256,64,128.0,,3,0.07095319684433003,600,20,0.0008660176055356109,0.0025254326022075987,0.7769215106964111,0.37049800157546997,0.7063053250312805,COMPLETE
76,0.691638708114624,2025-10-26 12:03:18.717227,2025-10-26 12:03:22.342931,3,class-specific,0.013428763656977852,128,64,64.0,,3,0.09727642077232994,1500,20,0.0008856826125604719,0.007361365790332624,0.45723602175712585,0.3704434037208557,0.7118362784385681,COMPLETE
128,0.6919583082199097,2025-10-26 12:08:55.384401,2025-10-26 12:09:00.924060,5,class-specific,0.010884719184891619,64,64,128.0,128.0,4,0.11424422710581567,600,20,0.0002083998532419058,0.00018004884583989523,0.4075695276260376,0.3701522946357727,0.7007743120193481,COMPLETE
66,0.6923187971115112,2025-10-26 12:02:29.895098,2025-10-26 12:02:35.775190,5,class-specific,0.019725752848108888,128,64,64.0,,3,0.03450972500914618,900,20,0.000763533261673916,0.00011853948261104836,0.6248175501823425,0.36982429027557373,0.7040929198265076,COMPLETE
61,0.6931925415992737,2025-10-26 12:02:03.867008,2025-10-26 12:02:09.514403,5,class-specific,0.011733376816587393,128,64,128.0,256.0,4,0.012443289690406187,600,20,0.0035504485770526065,0.0003926935541626334,0.5793730020523071,0.36902886629104614,0.6886062026023865,COMPLETE
176,0.6933350563049316,2025-10-26 12:13:25.139413,2025-10-26 12:13:30.063089,4,shared,0.011579733609595518,64,64,64.0,,3,0.04026021911661558,600,20,0.001927769271191634,0.00017285245233124747,0.7547428011894226,0.36889922618865967,0.69856196641922,COMPLETE
9,0.693405032157898,2025-10-26 11:56:27.982327,2025-10-26 11:56:32.533016,4,class-specific,0.010174990166533712,128,128,128.0,256.0,4,0.013203833555240286,600,20,0.003553420934306501,0.0005763920996607362,0.6421380639076233,0.36883556842803955,0.7112832069396973,COMPLETE
11,0.6935184597969055,2025-10-26 11:56:51.177643,2025-10-26 11:56:55.087363,3,shared,0.01684602507101315,128,128,,,2,0.2959967857060367,900,20,0.0001361445638300014,0.00010090488598866267,0.7288782596588135,0.3687323331832886,0.6996681690216064,COMPLETE
131,0.6943800449371338,2025-10-26 12:09:24.405404,2025-10-26 12:09:29.715825,5,class-specific,0.02224685045191717,128,256,64.0,64.0,4,0.08199352127853177,1500,20,0.0007396522264124411,0.001830010697241038,0.6742883324623108,0.36794811487197876,0.6863937973976135,COMPLETE
22,0.6946199536323547,2025-10-26 11:58:07.844573,2025-10-26 11:58:12.260923,4,shared,0.017788629378669856,128,128,,,2,0.3017762965986125,900,20,0.00023168193642713727,0.00010161885911689046,0.1620386689901352,0.36772972345352173,0.7107300758361816,COMPLETE
51,0.6960586905479431,2025-10-26 12:00:56.119460,2025-10-26 12:00:59.707343,3,class-specific,0.020042196185816156,128,64,128.0,256.0,4,0.10504489164806205,600,20,0.0005054702881950098,0.0002651937874112994,0.7871909141540527,0.36642009019851685,0.7134955525398254,COMPLETE
157,0.6962177157402039,2025-10-26 12:11:48.567224,2025-10-26 12:11:55.719695,7,class-specific,0.010385973307555524,128,64,64.0,,3,0.1103472532584856,600,40,0.00038570961395436925,0.00014964816082301035,0.7550375461578369,0.366275429725647,0.7140486836433411,COMPLETE
55,0.697202742099762,2025-10-26 12:01:20.157253,2025-10-26 12:01:24.730815,4,class-specific,0.009186370540895054,128,64,128.0,,3,0.1283585325599298,600,10,0.00017952011986320136,0.0004989729489752252,0.7361761927604675,0.365378737449646,0.6974557638168335,COMPLETE
187,0.6972789764404297,2025-10-26 12:14:25.665759,2025-10-26 12:14:30.639003,4,class-specific,0.010096491386932272,256,64,128.0,,3,0.08629002717774592,300,20,0.0001273472274212758,0.00019411727983983823,0.7172022461891174,0.36530935764312744,0.707411527633667,COMPLETE
63,0.698868989944458,2025-10-26 12:02:14.000654,2025-10-26 12:02:19.612955,5,class-specific,0.009874112635166172,128,64,128.0,128.0,4,0.0552106160322054,600,20,0.003884669578815364,0.00039646986443641724,0.5849563479423523,0.36386191844940186,0.6891592741012573,COMPLETE
81,0.6988996863365173,2025-10-26 12:03:45.223829,2025-10-26 12:03:49.743279,4,class-specific,0.026786115545434745,128,64,64.0,,3,0.09114373567219866,600,20,0.007287774194746341,0.00022092727843034442,0.39398834109306335,0.363834023475647,0.6952433586120605,COMPLETE
125,0.7008262276649475,2025-10-26 12:08:39.139799,2025-10-26 12:08:41.929508,2,class-specific,0.023447992733286,64,64,128.0,256.0,4,0.08724357737443983,600,20,0.0025406783447932822,0.00020318225896457463,0.0830545574426651,0.36208051443099976,0.6935840845108032,COMPLETE
104,0.701356828212738,2025-10-26 12:06:43.814305,2025-10-26 12:06:49.128654,5,class-specific,0.011116164953703385,128,256,64.0,64.0,4,0.023662782057194368,600,20,0.0012110956613183216,0.0015782544638561857,0.5813571810722351,0.36159759759902954,0.69856196641922,COMPLETE
49,0.7039718627929688,2025-10-26 12:00:29.660399,2025-10-26 12:00:35.812755,6,class-specific,0.01413191084358313,64,64,256.0,256.0,4,0.08761653134179612,600,40,0.004624340830583082,0.0003120770058174446,0.8130670189857483,0.35921716690063477,0.7035398483276367,COMPLETE
70,0.7044435739517212,2025-10-26 12:02:51.356090,2025-10-26 12:02:54.770213,3,class-specific,0.028487188638046848,64,64,64.0,,3,0.09493732908243531,600,1,0.008332027819734012,0.0001691777534321286,0.3091825842857361,0.35878777503967285,0.6952433586120605,COMPLETE
25,0.7053095698356628,2025-10-26 11:58:21.962866,2025-10-26 11:58:26.151160,4,shared,0.029189980690207482,128,64,64.0,,3,0.2791206967357534,600,20,0.0016131801680558007,0.00016421985351817737,0.5339257717132568,0.3579995632171631,0.6902654767036438,COMPLETE
164,0.7064061164855957,2025-10-26 12:12:28.237519,2025-10-26 12:12:30.499821,2,class-specific,0.017297388907570887,256,64,128.0,,3,0.08026546025732842,600,20,0.00020497402409364496,0.003628146275714793,0.6816995739936829,0.3570013642311096,0.6880530714988708,COMPLETE
32,0.7086524367332458,2025-10-26 11:58:48.813955,2025-10-26 11:58:53.688188,4,shared,0.01707444952962405,128,128,,,2,0.3009809382521368,900,20,0.00013913146768755862,0.00010034844128800098,0.48594099283218384,0.3549567461013794,0.696349561214447,COMPLETE
197,0.7098520398139954,2025-10-26 12:15:04.316694,2025-10-26 12:15:08.802450,4,class-specific,0.009229935952103021,256,64,64.0,,3,0.0390866304058585,300,20,0.00013313762717872104,0.001166991543148539,0.6682705283164978,0.35386478900909424,0.7013274431228638,COMPLETE
185,0.7111698389053345,2025-10-26 12:14:18.414675,2025-10-26 12:14:20.693557,2,class-specific,0.018947214474129736,128,64,64.0,,3,0.07248223625576274,600,20,0.00014386424524051076,0.00015953650549923776,0.853011429309845,0.35266536474227905,0.6825221180915833,COMPLETE
26,0.7122247815132141,2025-10-26 11:58:26.174384,2025-10-26 11:58:32.770116,6,shared,0.00803596480567794,128,128,128.0,256.0,4,0.17698557931373277,900,20,0.00034998457862369314,0.00010521240470597538,0.36496537923812866,0.35170507431030273,0.705199122428894,COMPLETE
62,0.7126731276512146,2025-10-26 12:02:09.540276,2025-10-26 12:02:13.964783,4,class-specific,0.011398370237673533,128,64,128.0,256.0,4,0.015332847052183851,600,20,0.007461749885294181,0.00022922363990794559,0.7012858390808105,0.35129696130752563,0.6814159154891968,COMPLETE
175,0.7145021557807922,2025-10-26 12:13:19.727796,2025-10-26 12:13:25.099948,5,class-specific,0.007799840183856271,64,128,,,2,0.07347807071065471,600,20,0.0009615896713092414,0.002993481259625759,0.811997652053833,0.34963202476501465,0.6957964897155762,COMPLETE
127,0.7162781953811646,2025-10-26 12:08:50.111985,2025-10-26 12:08:55.348633,5,class-specific,0.01549537253043763,128,64,256.0,,3,0.10084769121668921,600,20,0.0015535924687133161,0.000511761465214521,0.7194749116897583,0.3480154275894165,0.6758849620819092,COMPLETE
124,0.7230426669120789,2025-10-26 12:08:34.075948,2025-10-26 12:08:39.112396,5,class-specific,0.012686917083077683,64,64,128.0,256.0,4,0.1278922778576491,600,20,0.007901853242250597,0.0002690049943633938,0.6272966265678406,0.3418581485748291,0.6808628439903259,COMPLETE
134,0.7248855829238892,2025-10-26 12:09:39.165436,2025-10-26 12:09:42.238310,3,class-specific,0.011876808832108291,128,256,64.0,256.0,4,0.12313543318081571,1500,20,0.0008275168810011524,0.003567341221812313,0.6586840748786926,0.3401806354522705,0.6875,COMPLETE
20,0.7259087562561035,2025-10-26 11:57:54.672968,2025-10-26 11:58:02.743342,8,class-specific,0.006252162962094958,128,128,128.0,64.0,4,0.06095002569341054,1500,20,0.0029400735341932314,0.00999927500070758,0.09742851555347443,0.33924931287765503,0.6886062026023865,COMPLETE
172,0.7265527844429016,2025-10-26 12:13:07.699936,2025-10-26 12:13:12.905665,5,class-specific,0.011538535150337904,64,64,64.0,,3,0.0808347482951486,600,20,0.001302181942620465,0.00022874601067657466,0.4914180338382721,0.33866310119628906,0.6814159154891968,COMPLETE
53,0.7268624901771545,2025-10-26 12:01:06.274704,2025-10-26 12:01:13.191340,6,class-specific,0.012215708932787277,128,64,128.0,256.0,4,0.062749951372197,600,40,0.0008963640997264328,0.0002472613695471485,0.12833824753761292,0.33838123083114624,0.6841813921928406,COMPLETE
117,0.7281010150909424,2025-10-26 12:07:53.925677,2025-10-26 12:08:00.733725,6,class-specific,0.02537467759088228,128,64,128.0,128.0,4,0.12154932899860024,1500,1,0.008340588399642305,0.00019846683392392016,0.2583971619606018,0.3372539281845093,0.6913716793060303,COMPLETE
110,0.7283201217651367,2025-10-26 12:07:17.238688,2025-10-26 12:07:21.808266,4,class-specific,0.023023254987257047,64,64,128.0,128.0,4,0.06488057713080739,300,10,0.00021718047453929556,0.003937022213205257,0.5302314758300781,0.3370545506477356,0.6725663542747498,COMPLETE
5,0.7317559123039246,2025-10-26 11:56:06.772833,2025-10-26 11:56:11.576273,4,shared,0.0103021532580154,128,64,,,2,0.3589432116128768,900,20,0.00017566126883792571,0.00012065413851899665,0.6991039514541626,0.33392709493637085,0.6792035102844238,COMPLETE
158,0.7325794100761414,2025-10-26 12:11:55.756344,2025-10-26 12:12:01.522937,5,class-specific,0.012485458296840973,64,64,256.0,,3,0.12173580202104584,600,20,0.0014763347279218397,0.00026050874693526733,0.66911381483078,0.33317750692367554,0.6819690465927124,COMPLETE
129,0.7329697608947754,2025-10-26 12:09:00.949023,2025-10-26 12:09:03.769014,2,class-specific,0.01953136233482517,128,64,64.0,256.0,4,0.04280031890946174,300,10,0.0004765896511031358,0.0010893419973277017,0.3163992166519165,0.33282220363616943,0.6753318309783936,COMPLETE
27,0.7350446581840515,2025-10-26 11:58:32.807909,2025-10-26 11:58:37.803834,4,shared,0.013963350149861184,128,128,,,2,0.22783060664551028,900,1,0.004187481727117368,0.005113981803032889,0.5649495720863342,0.3309335708618164,0.6659291982650757,COMPLETE
116,0.7358032464981079,2025-10-26 12:07:50.848132,2025-10-26 12:07:53.899242,3,class-specific,0.015153331767959903,128,64,128.0,256.0,4,0.106219525026738,1200,20,0.00012480592128932767,0.0007450664113373159,0.042958300560712814,0.33024293184280396,0.6830752491950989,COMPLETE
96,0.738271176815033,2025-10-26 12:05:50.113455,2025-10-26 12:05:57.243663,7,class-specific,0.012636836804957622,128,64,128.0,,3,0.264048444700769,600,1,0.0005523016388053069,0.00035031450037882795,0.09867645055055618,0.32799655199050903,0.6769911646842957,COMPLETE
154,0.7389287948608398,2025-10-26 12:11:35.448279,2025-10-26 12:11:40.271427,4,class-specific,0.016406833012562242,128,64,64.0,,3,0.07575718830025246,600,10,0.0009566395305540003,0.0002150027477445123,0.5238056182861328,0.3273981809616089,0.6631637215614319,COMPLETE
100,0.7416000366210938,2025-10-26 12:06:16.519793,2025-10-26 12:06:22.026202,5,class-specific,0.009396416478343947,128,256,256.0,64.0,4,0.06111314394416788,300,20,0.008159789099525545,0.0033366305532107924,0.4278204143047333,0.3249666094779968,0.6758849620819092,COMPLETE
79,0.746485710144043,2025-10-26 12:03:31.968254,2025-10-26 12:03:39.902316,7,shared,0.04706725549831305,128,256,256.0,,3,0.07586507204008713,600,40,0.008985186144860099,0.0003310125488586198,0.0,0.32051950693130493,0.6731194853782654,COMPLETE
19,0.7473862767219543,2025-10-26 11:57:42.374397,2025-10-26 11:57:54.649051,12,class-specific,0.021767929083683052,256,128,64.0,,3,0.2523383220063623,300,1,0.000950631461615525,0.0007561664353898509,0.0,0.3196997046470642,0.6753318309783936,COMPLETE
93,0.7477660179138184,2025-10-26 12:05:19.931766,2025-10-26 12:05:38.804331,18,class-specific,0.0303574257829803,64,64,64.0,,3,0.18831721506020604,600,1,0.0013041338340798669,0.00022967744271843815,0.0,0.3193538784980774,0.67643803358078,COMPLETE
58,0.7478792071342468,2025-10-26 12:01:43.194139,2025-10-26 12:01:50.530466,7,class-specific,0.025437489448124802,128,256,128.0,256.0,4,0.11263303735644149,1500,20,0.0011031208085641715,0.00016754620913323262,0.0,0.31925106048583984,0.6775442361831665,COMPLETE
30,0.7484738230705261,2025-10-26 11:58:39.545966,2025-10-26 11:58:43.910605,4,shared,0.025213269974406472,64,128,64.0,,3,0.3003470182054363,300,20,0.0002795238959475751,0.00180437350363926,3.583864802148007e-11,0.31870973110198975,0.6775442361831665,COMPLETE
126,0.7485005259513855,2025-10-26 12:08:41.961853,2025-10-26 12:08:50.078470,8,class-specific,0.03277007555967479,128,64,64.0,256.0,4,0.07333280602128849,600,40,0.0009049182875712168,0.00211308325539306,0.0,0.31868547201156616,0.67643803358078,COMPLETE
52,0.7494192123413086,2025-10-26 12:00:59.746571,2025-10-26 12:01:06.245215,6,class-specific,0.024984177539671023,128,64,128.0,256.0,4,0.07989924097938704,600,20,0.00043271312214104423,0.0003996785571874879,0.01920163445174694,0.31784921884536743,0.6725663542747498,COMPLETE
180,0.7500624656677246,2025-10-26 12:13:43.824091,2025-10-26 12:13:58.619160,14,class-specific,0.016535222225368768,64,64,256.0,,3,0.14502747647744457,600,1,0.00016012517260683882,0.0019530506564555555,0.0,0.317263662815094,0.67643803358078,COMPLETE
130,0.7503618001937866,2025-10-26 12:09:03.807337,2025-10-26 12:09:24.352680,20,class-specific,0.017462349171944648,256,256,128.0,,3,0.06688161030617527,600,1,0.00895456384042971,0.00023001106046165122,0.0,0.3169912099838257,0.6758849620819092,COMPLETE
147,0.7512618899345398,2025-10-26 12:10:46.537030,2025-10-26 12:11:08.617145,22,class-specific,0.008965966639232555,128,64,64.0,,3,0.1023989247350016,1200,1,0.0005305295753124317,0.000162259755098691,1.2215781023225609e-36,0.3161718249320984,0.6747787594795227,COMPLETE
34,0.7516302466392517,2025-10-26 11:58:58.292347,2025-10-26 11:59:02.747470,4,shared,0.053607733099883384,256,128,,,2,0.0020103060684519836,900,20,0.0006367400940304399,0.00045206307467106116,0.0,0.31583672761917114,0.6747787594795227,COMPLETE
38,0.7517750263214111,2025-10-26 11:59:15.736743,2025-10-26 11:59:24.040191,8,class-specific,0.00419153967956462,128,64,128.0,256.0,4,0.39779988502742575,300,40,0.0021564696874476095,0.0009124695483205102,0.32592350244522095,0.315704882144928,0.6803097128868103,COMPLETE
23,0.751823902130127,2025-10-26 11:58:12.301486,2025-10-26 11:58:17.131275,4,shared,0.008048841368092908,128,128,,,2,0.2259384309157936,900,20,0.0001040343011503347,0.00019439844741841658,1.3255356634545024e-06,0.31566041707992554,0.6792035102844238,COMPLETE
14,0.7518630623817444,2025-10-26 11:57:00.952411,2025-10-26 11:57:19.672267,18,shared,0.028511670296690272,128,128,64.0,,3,0.15094763058827348,900,1,0.0005357058638666984,0.0028405177093317065,0.0,0.3156247138977051,0.6792035102844238,COMPLETE
35,0.7520561814308167,2025-10-26 11:59:02.774504,2025-10-26 11:59:09.829042,7,shared,0.03189514612261004,128,256,,,2,0.24822110468154418,600,40,0.0013053880331880964,0.0001450770214610301,0.0,0.315449059009552,0.6758849620819092,COMPLETE
88,0.7525684833526611,2025-10-26 12:04:20.608943,2025-10-26 12:04:29.230992,8,class-specific,0.038113393397552646,256,64,256.0,,3,0.218707119488112,600,40,0.0008189188485688767,0.00021077876900625953,0.0,0.31498271226882935,0.6792035102844238,COMPLETE
80,0.7531963586807251,2025-10-26 12:03:39.926374,2025-10-26 12:03:45.186880,5,class-specific,0.03228108345822826,128,64,64.0,,3,0.13703812523284586,600,20,0.006300875784169023,0.00028581787773943957,7.865671789817931e-35,0.31441110372543335,0.67643803358078,COMPLETE
17,0.7533114552497864,2025-10-26 11:57:29.474731,2025-10-26 11:57:35.492653,6,class-specific,0.03674765810258127,128,128,64.0,256.0,4,0.1645763228944216,600,20,0.002995931631390156,0.0024191946001559336,0.0,0.314306378364563,0.6747787594795227,COMPLETE
24,0.7533327341079712,2025-10-26 11:58:17.148301,2025-10-26 11:58:21.935816,4,shared,0.04243565575704145,128,128,,,2,0.34912200428499257,900,20,0.0008053893220931557,0.0003480782819958959,0.0,0.3142869472503662,0.6731194853782654,COMPLETE
10,0.753958523273468,2025-10-26 11:56:32.554326,2025-10-26 11:56:51.144375,18,class-specific,0.021435027765724212,128,128,64.0,,3,0.11045020398260458,1200,1,0.0015907655345047446,0.009512174784302167,8.367215069676054e-15,0.313717246055603,0.67643803358078,COMPLETE
54,0.7548977732658386,2025-10-26 12:01:13.223809,2025-10-26 12:01:20.127647,6,class-specific,0.03453900823643726,128,64,128.0,256.0,4,0.030428461549447665,1200,20,0.0002966888348027633,0.00014000579647433054,0.0,0.3128623962402344,0.6709070801734924,COMPLETE
64,0.7549879550933838,2025-10-26 12:02:19.679106,2025-10-26 12:02:25.472655,5,class-specific,0.007603977786168444,128,64,128.0,256.0,4,0.14436527707399083,600,20,0.0022594184350102856,0.0001945103296766487,0.7302138209342957,0.31278032064437866,0.678650438785553,COMPLETE
174,0.7553887963294983,2025-10-26 12:13:17.285944,2025-10-26 12:13:19.700176,2,class-specific,0.09329529899014158,64,64,128.0,,3,0.08638068778456182,600,20,0.0011463526849925122,0.00018889211551026858,0.0,0.3124154806137085,0.6780973672866821,COMPLETE
72,0.7579362392425537,2025-10-26 12:03:00.072516,2025-10-26 12:03:05.515651,5,class-specific,0.04072922063583297,128,64,64.0,,3,0.12241529176263738,600,20,0.0002513268600673613,0.00024453458289972304,1.7935303795424456e-36,0.3100966215133667,0.6725663542747498,COMPLETE
167,0.7584472298622131,2025-10-26 12:12:45.251523,2025-10-26 12:12:49.103356,3,class-specific,0.013655381941268509,128,64,128.0,,3,0.06731547235700777,300,10,0.008751399726265714,0.00462927586327573,0.5162100195884705,0.3096316456794739,0.6659291982650757,COMPLETE
92,0.758745014667511,2025-10-26 12:05:00.527407,2025-10-26 12:05:19.906615,19,class-specific,0.015054096666550838,64,64,64.0,,3,0.09180510593734366,600,1,0.0014211013816763606,0.0002879193609860617,2.980912065927053e-20,0.30936044454574585,0.6747787594795227,COMPLETE
50,0.7592101693153381,2025-10-26 12:00:35.829375,2025-10-26 12:00:56.085519,20,class-specific,0.011020456196582625,64,256,128.0,256.0,4,0.04583383187930615,600,1,0.007691419028149294,0.00017768308946146668,0.0,0.30893707275390625,0.6742256879806519,COMPLETE
146,0.7595712542533875,2025-10-26 12:10:40.116891,2025-10-26 12:10:46.497932,6,class-specific,0.026578237235440283,128,64,64.0,,3,0.12588563537086728,600,20,0.0004162165440160318,0.0022786439534328105,0.0,0.30860841274261475,0.6709070801734924,COMPLETE
111,0.7611299753189087,2025-10-26 12:07:21.845289,2025-10-26 12:07:28.232646,6,class-specific,0.01876573475130101,128,64,128.0,128.0,4,0.05535679576618692,600,20,0.00015152256915690034,0.003111182649576453,0.0,0.30718958377838135,0.6620575189590454,COMPLETE
101,0.7619838118553162,2025-10-26 12:06:22.066635,2025-10-26 12:06:28.520333,6,class-specific,0.027411180280858365,128,256,64.0,64.0,4,0.11841507678732115,300,20,0.00889293361323097,0.0015475174731997931,7.480018681165991e-28,0.3064124584197998,0.6742256879806519,COMPLETE
119,0.762215793132782,2025-10-26 12:08:07.341666,2025-10-26 12:08:12.532252,5,class-specific,0.02075473957171189,128,64,128.0,256.0,4,0.05629838957699393,600,20,0.00019138586993091268,0.00022398482059872562,0.0,0.3062012791633606,0.669800877571106,COMPLETE
152,0.7629755139350891,2025-10-26 12:11:27.839968,2025-10-26 12:11:31.330414,3,class-specific,0.012730165579780373,128,64,64.0,,3,0.1419791886975764,600,10,0.0010556890311501893,0.0002459745268177178,0.4683695435523987,0.3055097460746765,0.667588472366333,COMPLETE
149,0.7632630467414856,2025-10-26 12:11:13.513611,2025-10-26 12:11:18.674572,5,class-specific,0.02077635132147655,64,64,64.0,,3,0.06313148565719545,600,20,0.006162271778865358,0.00028143782811578785,0.0,0.305247962474823,0.6670354008674622,COMPLETE
165,0.7633264660835266,2025-10-26 12:12:30.524917,2025-10-26 12:12:40.170869,9,class-specific,0.01923100596870972,256,64,128.0,,3,0.1020779157932943,600,1,0.0002325531741368904,0.002641428456150157,0.0,0.3051903247833252,0.6731194853782654,COMPLETE
166,0.7635008096694946,2025-10-26 12:12:40.200212,2025-10-26 12:12:45.220392,5,class-specific,0.024363196628241893,128,64,64.0,,3,0.053434433953732347,600,20,0.00014477763076373146,0.0023421418655630135,0.0,0.30503177642822266,0.6692478060722351,COMPLETE
71,0.7640279531478882,2025-10-26 12:02:54.800285,2025-10-26 12:03:00.032909,5,class-specific,0.023864454285863368,128,64,64.0,,3,0.07353938685026788,600,20,0.0003700301949245363,0.00018981291096264481,0.0,0.3045518398284912,0.6703540086746216,COMPLETE
57,0.7642124891281128,2025-10-26 12:01:30.074989,2025-10-26 12:01:43.155104,13,class-specific,0.019525673429550628,64,64,128.0,256.0,4,0.18418709803765407,300,1,0.005259995883035314,0.00021416132944305545,0.0,0.30438387393951416,0.6731194853782654,COMPLETE
47,0.7644885778427124,2025-10-26 12:00:14.603962,2025-10-26 12:00:22.263803,7,class-specific,0.012813116466132712,64,64,128.0,64.0,4,0.08325281322118797,600,40,0.001999434381127955,0.00012777099414388948,0.0,0.30413252115249634,0.6709070801734924,COMPLETE
91,0.7646874189376831,2025-10-26 12:04:39.882355,2025-10-26 12:05:00.503106,20,class-specific,0.019446326514937523,64,64,64.0,,3,0.11769170136745295,600,1,0.0010784933038922226,0.0001832138850180801,4.4254084465971744e-29,0.3039515018463135,0.6720132827758789,COMPLETE
82,0.7650041580200195,2025-10-26 12:03:49.768121,2025-10-26 12:03:54.580676,4,class-specific,0.022837016319066497,128,64,64.0,,3,0.10661656102636918,600,20,0.005507312663056672,0.00014742825881770643,9.180752368124689e-25,0.30366313457489014,0.6731194853782654,COMPLETE
159,0.7657309174537659,2025-10-26 12:12:01.548837,2025-10-26 12:12:07.612759,6,class-specific,0.029168837087768417,128,64,64.0,,3,0.04936252035288184,600,20,0.001686111216278017,0.0003707165616122421,0.0,0.3030017018318176,0.6753318309783936,COMPLETE
74,0.7676598429679871,2025-10-26 12:03:09.937487,2025-10-26 12:03:14.240283,4,class-specific,0.0155326878252687,128,64,64.0,,3,0.11113712504327343,300,20,0.0005766430165110912,0.0001568170390004067,9.474042706277065e-20,0.30124592781066895,0.6692478060722351,COMPLETE
21,0.7707307934761047,2025-10-26 11:58:02.785477,2025-10-26 11:58:07.817455,5,shared,0.016084949072818808,128,128,,,2,0.28168546588912163,900,20,0.00010599061279317901,0.00013587908332828786,0.0,0.2984505295753479,0.6681416034698486,COMPLETE
190,0.7714192867279053,2025-10-26 12:14:39.946515,2025-10-26 12:14:43.828932,3,class-specific,0.010653382201812875,256,64,128.0,,3,0.057407184181948984,300,20,0.00011312176221615989,0.00017373619649537758,0.6357458829879761,0.2978239059448242,0.667588472366333,COMPLETE
39,0.7715946435928345,2025-10-26 11:59:24.070643,2025-10-26 11:59:33.558238,9,class-specific,0.02229041276978937,256,64,128.0,256.0,4,0.33796909053275215,1500,10,0.00015523039734635725,0.0004458288962593115,0.0,0.2976643443107605,0.6714601516723633,COMPLETE
121,0.7760686874389648,2025-10-26 12:08:17.734971,2025-10-26 12:08:22.632609,4,class-specific,0.01862142015427228,64,64,128.0,256.0,4,0.15170766376992495,600,20,0.0008035624918317827,0.0002498823542658433,0.0,0.29359179735183716,0.6609513163566589,COMPLETE
115,0.7773593068122864,2025-10-26 12:07:42.395811,2025-10-26 12:07:50.819563,8,class-specific,0.012122587772063898,128,64,128.0,128.0,4,0.07387480867196716,600,40,0.0001327221229828712,0.002567491550368696,0.0,0.29241716861724854,0.6686946749687195,COMPLETE
105,0.7784796953201294,2025-10-26 12:06:49.157967,2025-10-26 12:06:58.280076,9,class-specific,0.011876087653689806,128,256,128.0,64.0,4,0.08701968063098178,1500,20,0.005761192653196362,0.002012104584995607,0.0,0.2913971543312073,0.6637167930603027,COMPLETE
59,0.778762936592102,2025-10-26 12:01:50.558427,2025-10-26 12:01:55.568206,5,class-specific,0.014553578057503666,256,64,64.0,,3,0.09627265128932533,600,20,0.00042246632194690786,0.00013521108645901444,0.0,0.2911394238471985,0.6631637215614319,COMPLETE
142,0.7829061150550842,2025-10-26 12:10:21.341186,2025-10-26 12:10:26.618723,5,class-specific,0.010311549812651786,128,64,64.0,,3,0.057640459897267356,600,20,0.00987575153960659,0.001018051995589603,0.0,0.28736817836761475,0.658738911151886,COMPLETE
103,0.78291916847229,2025-10-26 12:06:34.869113,2025-10-26 12:06:43.778977,8,class-specific,0.013961954901677008,128,256,64.0,64.0,4,0.0790215529443862,1500,20,0.0006717346624055522,0.003950696326937307,5.421421867794384e-20,0.28735631704330444,0.6664823293685913,COMPLETE
98,0.7856051921844482,2025-10-26 12:06:01.760295,2025-10-26 12:06:08.184001,6,class-specific,0.018223376628333014,128,256,64.0,64.0,4,0.0697002116932756,300,20,0.0017524147243539478,0.000610348876359337,0.0,0.28491127490997314,0.6603982448577881,COMPLETE
195,0.7901041507720947,2025-10-26 12:14:57.759947,2025-10-26 12:15:01.747568,3,class-specific,0.011854946699714687,256,64,64.0,,3,0.04873957538084507,300,20,0.00012076502991744321,0.001377390496203418,2.090136536070375e-10,0.2808161973953247,0.653761088848114,COMPLETE
196,0.7937698364257812,2025-10-26 12:15:01.766191,2025-10-26 12:15:04.291803,2,class-specific,0.03577342575520493,256,256,64.0,,3,0.06424022239525272,300,10,0.0001007339872315598,0.00036174621198764264,0.0,0.27747970819473267,0.6620575189590454,COMPLETE
31,0.7978333234786987,2025-10-26 11:58:43.937849,2025-10-26 11:58:48.782878,4,shared,0.017306001292196435,128,128,,,2,0.32955422160708747,900,20,0.0002212501840667492,0.00011268888134624054,0.0,0.2737809419631958,0.653761088848114,COMPLETE
113,0.7986982464790344,2025-10-26 12:07:33.792356,2025-10-26 12:07:38.322444,4,class-specific,0.014959529192603023,128,64,128.0,128.0,4,0.049526503462182216,600,10,0.00017396195730710849,0.004184632659569616,0.6297321915626526,0.27299368381500244,0.6421459913253784,COMPLETE
198,0.8006327152252197,2025-10-26 12:15:08.820035,2025-10-26 12:15:12.525790,3,class-specific,0.0148509966731165,256,64,128.0,,3,0.0794181269726381,300,20,0.00011385667832292228,0.00020402775344645563,0.0,0.2712327241897583,0.6581858396530151,COMPLETE
123,0.8056452870368958,2025-10-26 12:08:28.729276,2025-10-26 12:08:33.992502,5,class-specific,0.016770869689045665,64,64,128.0,256.0,4,0.16736107062306527,600,20,0.00024650797768938575,0.0003221679136008691,0.0,0.2666700482368469,0.6548672318458557,COMPLETE
156,0.8058820962905884,2025-10-26 12:11:43.606931,2025-10-26 12:11:48.517038,4,class-specific,0.014892091993092434,128,64,64.0,,3,0.1602286455782097,600,20,0.0075439997363860025,0.00019543903524250024,2.397089347374516e-24,0.26645445823669434,0.6554203629493713,COMPLETE
194,0.8148674368858337,2025-10-26 12:14:54.415134,2025-10-26 12:14:57.709790,3,class-specific,0.010333515680002688,256,64,64.0,,3,0.05550289630249439,300,20,0.0001202883229185114,0.00013734584784672111,0.5116982460021973,0.25827556848526,0.63606196641922,COMPLETE
46,0.82757169008255,2025-10-26 12:00:05.986320,2025-10-26 12:00:14.572631,8,class-specific,0.0061061205485618,64,64,128.0,256.0,4,0.14060682380911524,600,40,0.001146812724393853,0.0002063625397593082,0.6290637254714966,0.24671179056167603,0.669800877571106,COMPLETE
84,0.8480609059333801,2025-10-26 12:03:59.780402,2025-10-26 12:04:05.015130,5,class-specific,0.010234302916402508,128,64,64.0,,3,0.060692527899164316,600,20,0.00032155306420993845,0.0012676794800571048,0.4556169807910919,0.22806179523468018,0.6769911646842957,COMPLETE
18,0.8575351238250732,2025-10-26 11:57:35.528388,2025-10-26 11:57:42.358038,6,shared,0.012740250224825769,128,128,128.0,,3,0.32634448909783953,1200,10,0.00035647665736085937,0.00036973298067224524,0.0,0.21943795680999756,0.6565265655517578,COMPLETE
141,0.8584592938423157,2025-10-26 12:10:16.111030,2025-10-26 12:10:21.315009,5,class-specific,0.006840235614431913,128,64,64.0,,3,0.07106316867720969,600,20,0.0006112137160888102,0.0013456158031807594,0.6777459979057312,0.21859663724899292,0.6908186078071594,COMPLETE
109,0.8608099818229675,2025-10-26 12:07:12.288174,2025-10-26 12:07:17.186995,4,class-specific,0.020771252508929576,256,64,128.0,128.0,4,0.13812639186961015,600,10,0.00019529321442314097,0.0063525619336096606,0.0,0.21645694971084595,0.6504424810409546,COMPLETE
48,0.9068073034286499,2025-10-26 12:00:22.295466,2025-10-26 12:00:29.600078,7,class-specific,0.007303303345927592,64,64,128.0,128.0,4,0.12516296748161737,600,40,0.009817278951192688,0.000226529161016456,0.0,0.17458844184875488,0.6277654767036438,COMPLETE
0,0.908369243144989,2025-10-26 11:55:52.026909,2025-10-26 11:55:56.521721,4,shared,0.001643075812946647,64,256,,,2,0.3190679519780989,1500,20,0.005862315424831717,0.000613006797417926,0.7863945364952087,0.17316675186157227,0.6393805146217346,COMPLETE
181,0.9146226644515991,2025-10-26 12:13:58.646071,2025-10-26 12:14:03.612877,4,class-specific,0.012307457124741407,128,64,64.0,,3,0.13420979850431436,600,20,0.0005708630098352578,0.00021200063685635411,0.0,0.16747450828552246,0.6305309534072876,COMPLETE
191,0.9292648434638977,2025-10-26 12:14:43.847664,2025-10-26 12:14:48.266825,4,class-specific,0.01118168093107381,256,64,64.0,,3,0.04681405199498491,300,20,0.0001155354144794826,0.00014979469851535387,0.0,0.15414685010910034,0.6189159154891968,COMPLETE
162,0.9505283236503601,2025-10-26 12:12:18.135000,2025-10-26 12:12:22.746740,4,class-specific,0.008576189061926883,256,64,128.0,,3,0.062343774640841884,600,20,0.00016302759565785897,0.002925299834656129,0.6425862312316895,0.1347917914390564,0.6476770043373108,COMPLETE
184,0.9927029013633728,2025-10-26 12:14:13.144112,2025-10-26 12:14:18.398007,5,class-specific,0.009359718455913877,128,64,64.0,,3,0.07843823594360905,600,20,0.0002724400940194243,0.0002273471859350557,0.7700109481811523,0.09640282392501831,0.667588472366333,COMPLETE
179,0.9936796426773071,2025-10-26 12:13:38.703604,2025-10-26 12:13:43.792318,5,class-specific,0.007048041908153707,64,64,64.0,,3,0.09898887359300572,600,20,0.006637595138007325,0.0008573702897111299,0.6305950880050659,0.09551388025283813,0.6642699241638184,COMPLETE
122,0.9992717504501343,2025-10-26 12:08:22.725347,2025-10-26 12:08:28.712695,5,class-specific,0.0021148564625217015,64,64,128.0,256.0,4,0.14497802765060605,600,20,0.001040300056254443,0.0003020880837364412,0.49282270669937134,0.09042364358901978,0.622787594795227,COMPLETE
178,1.017632246017456,2025-10-26 12:13:34.474223,2025-10-26 12:13:38.673271,4,class-specific,0.012877685472426948,64,64,128.0,,3,0.0657021398297179,600,20,0.001374966004781343,0.0003028635610294394,0.49458158016204834,0.07371127605438232,0.6316371560096741,COMPLETE
86,1.0176935195922852,2025-10-26 12:04:10.662703,2025-10-26 12:04:15.135906,4,class-specific,0.006598545110209095,128,64,64.0,,3,0.13076177693749974,600,10,0.00048103882978728113,0.00024364380526229284,0.510507345199585,0.07365536689758301,0.6006637215614319,COMPLETE
95,1.05695378780365,2025-10-26 12:05:44.229588,2025-10-26 12:05:49.993957,5,shared,0.010970422499003445,64,64,64.0,128.0,4,0.10043492133069025,600,20,0.000959822128880935,0.00014074540775897904,0.0,0.03791910409927368,0.6305309534072876,COMPLETE
56,1.0960404872894287,2025-10-26 12:01:24.757850,2025-10-26 12:01:30.044756,5,class-specific,0.015747127035307087,128,64,256.0,256.0,4,0.07045256788784918,600,20,0.0006500869887678381,0.00030738597638693053,2.1721586764556807e-24,0.0023407340049743652,0.6299778819084167,COMPLETE
68,1.1222810745239258,2025-10-26 12:02:41.504003,2025-10-26 12:02:46.733253,5,class-specific,0.017942705169874645,128,256,64.0,,3,0.06793844576460163,900,10,0.006460725914130324,0.0001510664507333421,0.0,-0.021544337272644043,0.6321902871131897,COMPLETE
118,1.1718472242355347,2025-10-26 12:08:00.761718,2025-10-26 12:08:07.305324,6,class-specific,0.010229869508852013,128,256,128.0,256.0,4,0.09582768571123812,600,20,0.0002582192753480019,0.00016806858151531263,0.0,-0.06666123867034912,0.6305309534072876,COMPLETE
60,1.2052514553070068,2025-10-26 12:01:55.603374,2025-10-26 12:02:03.839757,8,class-specific,0.0051504484798048185,128,64,128.0,64.0,4,0.044759968118437424,1200,40,0.0005223550024643979,0.00028334913572128503,0.5925754904747009,-0.09706723690032959,0.6393805146217346,COMPLETE
163,1.217808723449707,2025-10-26 12:12:22.771738,2025-10-26 12:12:28.203388,5,class-specific,0.005629646002829435,256,64,128.0,,3,0.08992495535723147,600,20,0.00018286603452527653,0.0032531324134594105,0.625047504901886,-0.10849738121032715,0.6393805146217346,COMPLETE
87,1.2766504287719727,2025-10-26 12:04:15.168782,2025-10-26 12:04:20.582641,5,shared,0.012875032354489347,128,64,64.0,,3,0.08158350211336642,600,20,0.00040198101932044985,0.000130713943894721,4.2005322766600717e-41,-0.16205716133117676,0.6238937973976135,COMPLETE
6,1.2774890661239624,2025-10-26 11:56:11.620055,2025-10-26 11:56:18.295884,6,shared,0.00597606923111202,64,256,128.0,128.0,4,0.38212491494500483,1200,40,0.006352668529723733,0.0011644530067812602,0.0,-0.16282057762145996,0.6305309534072876,COMPLETE
199,1.3029736280441284,2025-10-26 12:15:12.542563,2025-10-26 12:15:15.813944,3,class-specific,0.011523061451887763,256,64,64.0,,3,0.06936432189886316,300,20,0.00013381355175699048,0.00026438540431620065,0.7228600382804871,-0.18601763248443604,0.6631637215614319,COMPLETE
33,1.3036085367202759,2025-10-26 11:58:53.722016,2025-10-26 11:58:58.256561,4,shared,0.008750745794167424,128,128,,,2,0.2898500608953779,900,20,0.0002295408434216239,0.00016278070820370617,0.5544931888580322,-0.18659567832946777,0.6487832069396973,COMPLETE
192,1.316172480583191,2025-10-26 12:14:48.295673,2025-10-26 12:14:51.687543,3,class-specific,0.009446059108344918,256,64,64.0,,3,0.061945960431494626,300,20,0.00010717532932561638,0.00018737865718429137,0.6966941356658936,-0.19803190231323242,0.6521017551422119,COMPLETE
4,1.3202152252197266,2025-10-26 11:55:59.942554,2025-10-26 11:56:06.744303,6,class-specific,0.0033419604892325986,64,256,,,2,0.1191519017848969,300,40,0.001484699718976345,0.002734983750250924,0.5162637829780579,-0.2017115354537964,0.6393805146217346,COMPLETE
41,1.3514682054519653,2025-10-26 11:59:38.531936,2025-10-26 11:59:43.118258,4,class-specific,0.010232172598394722,128,64,128.0,256.0,4,0.03376544343273068,600,20,0.00028546199971086485,0.0001961710500336643,0.3908182680606842,-0.23015940189361572,0.6321902871131897,COMPLETE
114,1.462990641593933,2025-10-26 12:07:38.389219,2025-10-26 12:07:42.372929,3,class-specific,0.016978171497719685,128,64,128.0,128.0,4,0.11393107847309364,600,10,0.00016938122749170695,0.005316191061612269,0.623637318611145,-0.3316713571548462,0.6581858396530151,COMPLETE
16,1.5043230056762695,2025-10-26 11:57:24.889032,2025-10-26 11:57:29.443907,4,shared,0.005134449671072145,128,128,128.0,,3,0.05224864067652707,900,20,0.0005936491552334866,0.00016022651116481484,5.5718592933962086e-11,-0.36929357051849365,0.5945796370506287,COMPLETE
143,1.542140007019043,2025-10-26 12:10:26.654049,2025-10-26 12:10:31.344244,4,class-specific,0.007884512099571892,128,64,128.0,,3,0.10994255498908627,600,20,0.0012398616974238607,0.004716849081564109,0.5259947776794434,-0.4037163257598877,0.6521017551422119,COMPLETE
75,1.63779878616333,2025-10-26 12:03:14.268611,2025-10-26 12:03:18.698864,4,class-specific,0.009085923954939673,256,64,64.0,,3,0.1594618563835375,600,20,0.0006876415869079507,0.00017841577115091737,0.6839364767074585,-0.49078869819641113,0.6637167930603027,COMPLETE
15,1.7196274995803833,2025-10-26 11:57:19.705197,2025-10-26 11:57:24.865241,5,class-specific,0.011250499608723725,256,128,64.0,,3,0.2616447236208045,600,20,0.0027508293531971558,0.0005558985557506751,7.941424427782007e-12,-0.5652720928192139,0.6266592741012573,COMPLETE
7,1.725679874420166,2025-10-26 11:56:18.333449,2025-10-26 11:56:27.040281,8,shared,0.0015936485795764522,128,256,256.0,256.0,4,0.25245785635672346,1500,40,0.006666101529551966,0.0013860876766888359,0.3504558801651001,-0.5707813501358032,0.6200221180915833,COMPLETE
43,1.791901707649231,2025-10-26 11:59:47.293884,2025-10-26 11:59:52.021037,4,class-specific,0.00241683428149013,128,64,128.0,256.0,4,0.08508877301231986,600,20,0.0007317135412354051,0.0003415671181926923,0.7148398756980896,-0.631058931350708,0.6526548862457275,COMPLETE
151,1.9356772899627686,2025-10-26 12:11:23.223811,2025-10-26 12:11:27.802497,4,class-specific,0.011094522485401846,128,64,64.0,,3,0.1514956661772376,600,10,0.0011264649954382327,0.00021107602853760951,0.0,-0.7619295120239258,0.6294247508049011,COMPLETE
153,2.07384991645813,2025-10-26 12:11:31.367923,2025-10-26 12:11:35.408747,4,class-specific,0.011576390465221143,128,64,64.0,,3,0.13142748050031594,600,10,0.0013665496386758515,0.0001772610824547839,0.41227832436561584,-0.8876994848251343,0.6465708017349243,COMPLETE
13,2.0936119556427,2025-10-26 11:57:00.233740,2025-10-26 11:57:00.890321,0,class-specific,0.04351924986065616,128,128,64.0,,3,0.20089593123373098,900,10,0.0004688789056098257,0.0002217733398121458,3.000566239919067e-09,-0.9056875705718994,0.5459070801734924,COMPLETE
155,2.3261990547180176,2025-10-26 12:11:40.328285,2025-10-26 12:11:43.560922,3,class-specific,0.00954635620642645,128,64,64.0,,3,0.09311801728724357,300,10,0.0003534622068921451,0.00168530075970364,1.7324738925921837e-29,-1.1173980236053467,0.622787594795227,COMPLETE
3,2.4070849418640137,2025-10-26 11:55:57.466580,2025-10-26 11:55:59.903738,2,class-specific,0.003579387815667069,64,256,128.0,,3,0.026010622491356862,300,10,0.008211709607082444,0.0011560546606777587,0.3835858106613159,-1.191023349761963,0.607300877571106,COMPLETE
85,2.5930466651916504,2025-10-26 12:04:05.043654,2025-10-26 12:04:10.634306,5,class-specific,0.001013253989571279,64,64,64.0,,3,0.15751263134954224,600,20,0.009486419967042995,0.00020476112001340126,1.1108938451798167e-05,-1.360292911529541,0.5431416034698486,COMPLETE
28,2.9072978496551514,2025-10-26 11:58:37.847599,2025-10-26 11:58:38.603618,0,class-specific,0.06735365489347049,256,128,256.0,,3,0.3791097920002467,600,10,0.00014674074485947845,0.00025222532589630166,0.0,-1.646336317062378,0.5149336457252502,COMPLETE
37,3.2426517009735107,2025-10-26 11:59:14.370664,2025-10-26 11:59:15.698236,1,class-specific,0.07669672593877791,64,64,128.0,256.0,4,0.36148738438056227,1200,20,0.0004408885464300926,0.00027686154575883563,0.0,-1.9515891075134277,0.5934734344482422,COMPLETE
8,4.245584487915039,2025-10-26 11:56:27.063135,2025-10-26 11:56:27.945274,0,class-specific,0.001167420761651182,128,64,256.0,256.0,4,0.10197900266513837,600,20,0.00019836342976570855,0.0003067644345613468,0.9998641610145569,-2.864497184753418,0.5221238732337952,COMPLETE
29,4.65125846862793,2025-10-26 11:58:38.641713,2025-10-26 11:58:39.506974,0,shared,0.0033437903477858784,64,64,,,2,0.3189228084131337,1500,20,0.00034891984974972864,0.0006795412698371461,0.9056675434112549,-3.2337589263916016,0.4087389409542084,COMPLETE
1,inf,2025-10-26 11:55:56.556517,2025-10-26 11:55:57.033343,0,class-specific,0.06705694336830034,256,64,256.0,64.0,4,0.015380760525788696,600,40,0.00952835952278478,0.0004721839839351499,,,0.20630531013011932,COMPLETE
2,inf,2025-10-26 11:55:57.048788,2025-10-26 11:55:57.444194,0,shared,0.09798789172834999,256,256,128.0,128.0,4,0.21141753619856185,600,20,0.005979557084880986,0.0002431976281540674,,,0.08462389558553696,COMPLETE
