number,value,datetime_start,datetime_complete,duration,params_embedding_mode,params_learning_rate,params_n_nodes_layer_0,params_n_nodes_layer_1,params_n_nodes_layer_2,params_n_nodes_layer_3,params_num_hidden_layers,params_segmentation_dropout_rate,params_total_updates,params_updates_per_epoch,params_weight_decay_embedding,params_weight_decay_segmentation,user_attrs_test/rho2,user_attrs_test_acc,state
83,0.7078389525413513,2025-10-26 12:03:30.688692,2025-10-26 12:03:34.542054,3,shared,0.0406284948056195,256,128,256.0,128.0,4,0.2590012265472613,1200,1,0.0003691801741498423,0.0007701417766952939,0.35569727420806885,0.6858407258987427,COMPLETE
136,0.7086397409439087,2025-10-26 12:08:32.716433,2025-10-26 12:08:36.162996,3,class-specific,0.010708422763760234,256,128,,,2,0.1915810972677166,1200,40,0.0004945991626210384,0.0062736143496651695,0.3549683094024658,0.6869469285011292,COMPLETE
128,0.7093735337257385,2025-10-26 12:06:58.817836,2025-10-26 12:07:05.292460,6,shared,0.06168998555394609,256,128,,,2,0.29146853031772524,1200,1,0.00045121764854508364,0.006189377196993425,0.3543003797531128,0.6875,COMPLETE
196,0.7099405527114868,2025-10-26 12:14:40.195811,2025-10-26 12:14:43.148927,2,shared,0.03672657589154065,256,128,,,2,0.1671557104158984,1200,20,0.00040334759392457106,0.00471355422470043,0.3537842035293579,0.6886062026023865,COMPLETE
14,0.7099913358688354,2025-10-26 11:56:07.306909,2025-10-26 11:56:14.927601,7,class-specific,0.04248636782107456,256,128,256.0,,3,0.22279520272721878,300,1,0.0008903038554912525,0.003675921669132867,0.35373806953430176,0.6902654767036438,COMPLETE
155,0.7101210355758667,2025-10-26 12:10:04.434219,2025-10-26 12:10:17.093154,12,shared,0.029826504565904476,256,128,,,2,0.18433677527127929,600,1,0.0003476166589609558,0.005492861590790536,0.3536200523376465,0.6913716793060303,COMPLETE
154,0.7102559804916382,2025-10-26 12:09:59.259590,2025-10-26 12:10:04.400609,5,shared,0.02933143820443348,256,128,,,2,0.1732456893424211,600,1,0.00038991826361156476,0.005504813795753272,0.35349708795547485,0.6819690465927124,COMPLETE
12,0.7102707028388977,2025-10-26 11:55:55.850044,2025-10-26 11:56:04.992335,9,class-specific,0.03443425114462438,256,128,256.0,,3,0.3181867302056751,900,1,0.0004036951137979058,0.00036945284898879207,0.35348373651504517,0.6908186078071594,COMPLETE
197,0.7103998064994812,2025-10-26 12:14:43.165403,2025-10-26 12:14:45.074629,1,shared,0.06806464951146225,256,128,,,2,0.16621651736181325,1200,20,0.00036636266565790647,0.004074692095912697,0.35336631536483765,0.6869469285011292,COMPLETE
182,0.7104859352111816,2025-10-26 12:13:01.855848,2025-10-26 12:13:14.783548,12,shared,0.033760889460908924,256,128,,,2,0.17819146932093258,1200,1,0.0003544835865290108,0.0034998960931992558,0.35328781604766846,0.6908186078071594,COMPLETE
1,0.7106373310089111,2025-10-26 11:55:29.968599,2025-10-26 11:55:31.609216,1,class-specific,0.048669386392131406,256,128,256.0,,3,0.19580130403981877,1200,20,0.0006301387545593112,0.005654924400525784,0.35315001010894775,0.6886062026023865,COMPLETE
111,0.7107827067375183,2025-10-26 12:05:41.372230,2025-10-26 12:05:49.102066,7,shared,0.07021702955008582,64,64,,,2,0.29885148645237986,300,1,0.0006176581701285104,0.0001089988489069432,0.35301774740219116,0.6875,COMPLETE
141,0.7107982039451599,2025-10-26 12:08:50.531677,2025-10-26 12:08:53.332421,2,class-specific,0.02165467140478529,256,128,,,2,0.1449781521715735,1200,20,0.00044686814058520413,0.007832220247581694,0.3530036211013794,0.6935840845108032,COMPLETE
160,0.7108482718467712,2025-10-26 12:10:35.534629,2025-10-26 12:10:42.980919,7,class-specific,0.04112759983938999,256,128,,,2,0.1910049247353114,600,1,0.00024498903779187253,0.005132468727035668,0.3529580235481262,0.6847345232963562,COMPLETE
99,0.7111598253250122,2025-10-26 12:05:02.946462,2025-10-26 12:05:05.447920,2,shared,0.05399736539729059,256,128,,,2,0.33301504153531947,300,20,0.00033319050153610505,0.00016464039741758568,0.35267436504364014,0.6891592741012573,COMPLETE
63,0.7114355564117432,2025-10-26 12:01:11.005501,2025-10-26 12:01:21.650272,10,shared,0.03672312147552045,64,128,64.0,128.0,4,0.287762526658979,900,1,0.00034670485207429245,0.0005212090665940928,0.35242336988449097,0.6902654767036438,COMPLETE
173,0.7116843461990356,2025-10-26 12:12:04.733645,2025-10-26 12:12:15.359196,10,shared,0.031586483383563284,256,128,,,2,0.16812887587895894,1200,1,0.0003221662837924927,0.004930886370001024,0.3521968722343445,0.6880530714988708,COMPLETE
46,0.7116931676864624,2025-10-26 11:59:32.991750,2025-10-26 11:59:36.990017,3,shared,0.025889308543240633,64,128,64.0,,3,0.2937217192183352,1500,10,0.000537702397206292,0.00016793767411487162,0.35218900442123413,0.6863937973976135,COMPLETE
164,0.7117083668708801,2025-10-26 12:11:04.991180,2025-10-26 12:11:15.364789,10,class-specific,0.04317104739608181,256,128,,,2,0.19896728683851286,600,1,0.0004159577424906617,0.006388751676856043,0.35217517614364624,0.6886062026023865,COMPLETE
130,0.7117121815681458,2025-10-26 12:07:18.043605,2025-10-26 12:07:32.022678,13,shared,0.01930853133803107,256,128,,,2,0.18159412410404477,1200,1,0.0004001468849528336,0.0070128325290506,0.35217154026031494,0.689712405204773,COMPLETE
179,0.7117601037025452,2025-10-26 12:12:41.208949,2025-10-26 12:12:49.955730,8,shared,0.032772842901345633,256,128,,,2,0.21333384903535302,1200,1,0.0004294987591003215,0.00020874676990290724,0.3521280884742737,0.689712405204773,COMPLETE
194,0.71177077293396,2025-10-26 12:14:24.132605,2025-10-26 12:14:32.097944,7,shared,0.0380220598439351,256,128,,,2,0.17800344940810042,1200,1,0.00043058124603786405,0.005558795293502502,0.3521183729171753,0.6880530714988708,COMPLETE
85,0.7120316624641418,2025-10-26 12:03:48.183760,2025-10-26 12:03:53.538109,5,shared,0.034496888486191965,256,128,256.0,128.0,4,0.24127936039701622,600,1,0.00029460601522788465,0.0005547639311099927,0.3518809676170349,0.6886062026023865,COMPLETE
131,0.7120504975318909,2025-10-26 12:07:32.061575,2025-10-26 12:07:44.821731,12,shared,0.018027319650085714,256,128,,,2,0.1692424473528877,1200,1,0.00032887831272182907,0.00682061830750053,0.35186368227005005,0.6863937973976135,COMPLETE
186,0.7121648788452148,2025-10-26 12:13:34.708826,2025-10-26 12:13:36.571290,1,class-specific,0.04833626153647332,256,128,,,2,0.17951149717006298,1200,20,0.0003480275187763377,0.00025145661750104937,0.35175949335098267,0.6886062026023865,COMPLETE
9,0.7121680378913879,2025-10-26 11:55:47.698267,2025-10-26 11:55:53.599309,5,shared,0.023422548129436085,128,128,,,2,0.3460560530238159,900,1,0.00045674000701057937,0.0005293567026945653,0.3517566919326782,0.6836283206939697,COMPLETE
161,0.712276816368103,2025-10-26 12:10:43.012153,2025-10-26 12:10:50.874641,7,class-specific,0.04133310222853807,256,128,,,2,0.18616187811120508,600,1,0.00023979967729644526,0.0054001883124934515,0.3516576886177063,0.6863937973976135,COMPLETE
188,0.7123367786407471,2025-10-26 12:13:39.659311,2025-10-26 12:13:51.626173,11,shared,0.028426468033458187,256,128,,,2,0.1635646297613129,1200,1,0.0003942548168597443,0.007216114887294041,0.3516031503677368,0.6908186078071594,COMPLETE
31,0.7123417258262634,2025-10-26 11:57:28.776204,2025-10-26 11:57:38.050657,9,shared,0.027181571043351747,128,128,,,2,0.3483255159132201,900,1,0.0004373098034916366,0.0005202210359171301,0.3515986204147339,0.6869469285011292,COMPLETE
54,0.7124722003936768,2025-10-26 12:00:16.498703,2025-10-26 12:00:30.843254,14,shared,0.026680718046198322,64,128,64.0,128.0,4,0.2775845655209983,900,1,0.0003533094440953118,0.0005214413580143393,0.3514798879623413,0.6891592741012573,COMPLETE
105,0.7124914526939392,2025-10-26 12:05:17.617070,2025-10-26 12:05:22.864278,5,shared,0.06635268301401064,64,64,,,2,0.293939881632171,300,1,0.0006419830998585218,0.00012149460452147221,0.3514624238014221,0.689712405204773,COMPLETE
174,0.7125304937362671,2025-10-26 12:12:15.387781,2025-10-26 12:12:22.726319,7,shared,0.0306598088807625,256,128,,,2,0.1449078784734371,1500,1,0.00038343659622232246,0.004344261146628245,0.35142672061920166,0.6792035102844238,COMPLETE
192,0.7125347852706909,2025-10-26 12:14:07.020143,2025-10-26 12:14:18.137000,11,shared,0.03435617208219244,256,128,,,2,0.20521577016130169,1200,1,0.0003059787568924092,0.006239676619594503,0.35142284631729126,0.6886062026023865,COMPLETE
66,0.7125862836837769,2025-10-26 12:01:37.268858,2025-10-26 12:01:44.331253,7,shared,0.042105371866252954,256,128,256.0,128.0,4,0.29198393053544,1200,1,0.0009223725075998916,0.0003845289955802058,0.3513760566711426,0.6830752491950989,COMPLETE
53,0.7126289010047913,2025-10-26 12:00:07.576466,2025-10-26 12:00:16.472490,8,shared,0.01817059202217417,128,128,128.0,,3,0.3012566395960421,600,1,0.00024978641350151064,0.00031099634170574775,0.351337194442749,0.6863937973976135,COMPLETE
125,0.712665319442749,2025-10-26 12:06:38.692074,2025-10-26 12:06:45.929446,7,shared,0.05535231160909923,64,64,,,2,0.2644646351984382,300,1,0.0005581394558014113,0.002359948255151007,0.3513041138648987,0.6841813921928406,COMPLETE
84,0.7128024697303772,2025-10-26 12:03:34.585295,2025-10-26 12:03:48.155216,13,shared,0.022975888656356726,256,128,256.0,128.0,4,0.2556977952121361,1200,1,0.00035459563805598617,0.0007712649365475089,0.3511791229248047,0.689712405204773,COMPLETE
20,0.7128115892410278,2025-10-26 11:56:43.563915,2025-10-26 11:56:57.555281,13,class-specific,0.014055268892156792,64,128,256.0,,3,0.3636067679692647,900,1,0.0032269561875681043,0.00020289681864030603,0.3511708974838257,0.6863937973976135,COMPLETE
199,0.7128808498382568,2025-10-26 12:14:46.476064,2025-10-26 12:14:48.589251,2,shared,0.06330047285568827,256,128,,,2,0.1650373646932873,300,20,0.0003389390973888609,0.004649035407524463,0.3511078357696533,0.6875,COMPLETE
100,0.7130199670791626,2025-10-26 12:05:05.466565,2025-10-26 12:05:07.720836,2,shared,0.057702031964909445,256,128,,,2,0.2094265758820984,300,20,0.0005376332804686829,0.0001391558445188478,0.35098135471343994,0.6880530714988708,COMPLETE
97,0.7130461931228638,2025-10-26 12:04:52.708379,2025-10-26 12:04:59.371627,6,shared,0.0387420791815927,64,128,128.0,64.0,4,0.30933923848097533,900,1,0.00040367894077013614,0.003249610387076213,0.35095739364624023,0.689712405204773,COMPLETE
64,0.71307373046875,2025-10-26 12:01:21.687709,2025-10-26 12:01:33.514476,11,shared,0.03620181392725527,64,128,64.0,,3,0.31234895290914805,900,1,0.000584366439549855,0.00027451338568143573,0.35093235969543457,0.6863937973976135,COMPLETE
183,0.7130867838859558,2025-10-26 12:13:14.835051,2025-10-26 12:13:23.578088,8,shared,0.037196269137354666,256,128,,,2,0.18118255188139706,1200,1,0.0004121533058654931,0.0035518496128734266,0.35092025995254517,0.6891592741012573,COMPLETE
41,0.7131684422492981,2025-10-26 11:58:49.757430,2025-10-26 11:59:03.557592,13,shared,0.026359841661524185,128,128,,,2,0.34655776911789116,900,1,0.00039573579732847617,0.0005241420019006849,0.3508461117744446,0.6880530714988708,COMPLETE
175,0.7131860256195068,2025-10-26 12:12:22.784688,2025-10-26 12:12:32.605600,9,class-specific,0.0366399157945869,256,256,,,2,0.1877770798892863,600,1,0.00046232044406808797,0.005458254348440612,0.3508301377296448,0.6902654767036438,COMPLETE
156,0.7132644057273865,2025-10-26 12:10:17.147405,2025-10-26 12:10:25.414590,8,shared,0.03460374310963485,256,128,,,2,0.16905195298132814,600,1,0.0003462390043275243,0.005275754860582017,0.35075855255126953,0.6886062026023865,COMPLETE
95,0.7132694721221924,2025-10-26 12:04:33.350262,2025-10-26 12:04:38.180586,4,shared,0.05984749688810199,64,128,256.0,256.0,4,0.2594344424526712,900,1,0.00026034377606221347,0.0005279950106588175,0.3507539629936218,0.6891592741012573,COMPLETE
168,0.7133554220199585,2025-10-26 12:11:34.431107,2025-10-26 12:11:40.583730,6,class-specific,0.04970462668685795,256,128,,,2,0.22510968282058524,600,1,0.00025750554725845144,0.004532136737577556,0.35067594051361084,0.6836283206939697,COMPLETE
135,0.7134608030319214,2025-10-26 12:08:28.468679,2025-10-26 12:08:32.667575,4,shared,0.023764213338783497,256,128,,,2,0.1816008775395024,1200,1,0.00038919380138540267,0.006652808775199326,0.35058003664016724,0.6814159154891968,COMPLETE
191,0.7135908603668213,2025-10-26 12:13:57.596944,2025-10-26 12:14:06.979356,9,shared,0.03302260101412864,256,128,,,2,0.21576515826001952,1500,1,0.0002846319413961086,0.0018661407546216803,0.35046154260635376,0.6891592741012573,COMPLETE
190,0.7136719226837158,2025-10-26 12:13:53.263950,2025-10-26 12:13:57.567014,4,shared,0.054088599223610784,256,128,64.0,,3,0.31182318365717865,300,1,0.0005052348152367621,0.002935065143999126,0.3503878116607666,0.6841813921928406,COMPLETE
158,0.7136738896369934,2025-10-26 12:10:27.345201,2025-10-26 12:10:32.900100,5,shared,0.04798709083850662,256,128,,,2,0.2007123461343064,600,1,0.00038076426343300313,0.005777289729735364,0.35038596391677856,0.6875,COMPLETE
162,0.7136856913566589,2025-10-26 12:10:50.907677,2025-10-26 12:10:58.329083,7,class-specific,0.0533881079640236,256,128,,,2,0.15916951629918608,600,1,0.00016643636966893652,0.007186569540108003,0.35037529468536377,0.6847345232963562,COMPLETE
129,0.7136865854263306,2025-10-26 12:07:05.323146,2025-10-26 12:07:17.988738,12,shared,0.034518453618400745,256,128,64.0,,3,0.25250081907846456,1200,1,0.0004547673523660283,0.0061183615019006375,0.3503744602203369,0.6869469285011292,COMPLETE
60,0.713693380355835,2025-10-26 12:00:45.681053,2025-10-26 12:00:47.970204,2,shared,0.06015417193714534,256,256,,,2,0.19215555309667237,600,20,0.00046983188291012206,0.007539508321403135,0.35036832094192505,0.6913716793060303,COMPLETE
39,0.7137991786003113,2025-10-26 11:58:39.571694,2025-10-26 11:58:48.270039,8,class-specific,0.021745977813595715,128,128,256.0,,3,0.2757851858601381,1500,1,0.0007176290344839929,0.007563840400511281,0.3502720594406128,0.6891592741012573,COMPLETE
195,0.7138383984565735,2025-10-26 12:14:32.125053,2025-10-26 12:14:40.179883,8,shared,0.041804152700566165,256,128,,,2,0.17657109831935722,1200,1,0.0004360902223938624,0.0056017174754584495,0.350236177444458,0.685287594795227,COMPLETE
151,0.7138396501541138,2025-10-26 12:09:24.672518,2025-10-26 12:09:38.980397,14,shared,0.02564304814810017,256,128,,,2,0.3426456391560741,1200,1,0.00044627326561547256,0.00598536527848114,0.3502352237701416,0.6880530714988708,COMPLETE
77,0.7141516208648682,2025-10-26 12:02:58.070026,2025-10-26 12:03:09.720616,11,shared,0.028035466027353507,256,256,,,2,0.3030356131705344,900,1,0.0010216203442585724,0.0006198873427287281,0.34995120763778687,0.6841813921928406,COMPLETE
181,0.7141911387443542,2025-10-26 12:12:55.510229,2025-10-26 12:13:01.827454,6,shared,0.028742288829408064,256,128,,,2,0.23306386357912054,1200,1,0.00043331098659727595,0.0001649624763425917,0.3499153256416321,0.6847345232963562,COMPLETE
126,0.714228093624115,2025-10-26 12:06:45.955324,2025-10-26 12:06:56.895649,10,shared,0.027745602170066126,256,128,64.0,,3,0.35955098321471124,900,1,0.00035927150097816833,0.0006870838326739294,0.34988147020339966,0.6908186078071594,COMPLETE
47,0.7142320871353149,2025-10-26 11:59:37.006849,2025-10-26 11:59:39.841599,2,class-specific,0.05888683260207427,64,64,64.0,,3,0.223355028386851,1500,10,0.0005847740404858856,0.00019462340055747382,0.3498779535293579,0.6836283206939697,COMPLETE
171,0.7142842411994934,2025-10-26 12:11:47.287496,2025-10-26 12:11:56.555294,9,shared,0.027069374180369022,256,128,,,2,0.1921969312956435,600,1,0.00035909351970879423,0.006702742576688998,0.3498303294181824,0.6902654767036438,COMPLETE
78,0.7144123315811157,2025-10-26 12:03:09.751497,2025-10-26 12:03:11.477153,1,class-specific,0.06474766116294439,128,128,64.0,128.0,4,0.31824507911709754,300,20,0.00022025530597603342,0.0011151020507113904,0.34971386194229126,0.6863937973976135,COMPLETE
29,0.7144726514816284,2025-10-26 11:57:23.427127,2025-10-26 11:57:25.969303,2,shared,0.03823463974264464,64,256,,,2,0.18518416429506657,900,10,0.0018157984372510338,0.0008307076751701362,0.3496589660644531,0.6869469285011292,COMPLETE
71,0.7145112752914429,2025-10-26 12:02:05.343907,2025-10-26 12:02:14.078556,8,shared,0.026222150864876188,64,128,64.0,128.0,4,0.2847462049830117,900,1,0.00032375641970138754,0.0005131265247302781,0.3496236801147461,0.6908186078071594,COMPLETE
152,0.7145774364471436,2025-10-26 12:09:39.004319,2025-10-26 12:09:44.462607,5,shared,0.03884613477708171,256,128,,,2,0.14060961424736954,1500,1,0.0004926031634281578,0.004413090622456013,0.3495635390281677,0.6847345232963562,COMPLETE
170,0.7146666049957275,2025-10-26 12:11:44.844353,2025-10-26 12:11:47.271511,2,class-specific,0.05729230408293456,256,128,,,2,0.20745955071093242,600,20,0.0005382154246054198,0.003918382138961326,0.3494824767112732,0.6869469285011292,COMPLETE
150,0.7146775722503662,2025-10-26 12:09:14.347529,2025-10-26 12:09:24.656308,10,shared,0.031570315179863855,256,128,256.0,,3,0.13540877572591514,1200,1,0.00153277559189688,0.007824649697941293,0.3494723439216614,0.6869469285011292,COMPLETE
13,0.7148021459579468,2025-10-26 11:56:05.024813,2025-10-26 11:56:07.289034,2,class-specific,0.051436202356312834,256,128,256.0,,3,0.3064191524338516,600,20,0.0003194264779886663,0.0002434802695817984,0.3493589758872986,0.689712405204773,COMPLETE
22,0.7148269414901733,2025-10-26 11:56:59.612148,2025-10-26 11:57:02.313687,2,class-specific,0.030227673058483527,256,128,256.0,,3,0.2098649505051382,1200,20,0.0006513950955962283,0.005625914908094844,0.3493364453315735,0.6908186078071594,COMPLETE
67,0.7148792147636414,2025-10-26 12:01:44.372066,2025-10-26 12:01:46.968528,2,class-specific,0.030647685121126655,256,128,64.0,,3,0.24041116005074017,900,10,0.0004194660857917927,0.00021229217230077312,0.34928882122039795,0.6814159154891968,COMPLETE
43,0.7149094939231873,2025-10-26 11:59:17.744108,2025-10-26 11:59:22.357848,4,shared,0.04770744969771183,128,128,,,2,0.31540349512943605,900,1,0.009860600620231216,0.0004336715473635765,0.34926140308380127,0.6869469285011292,COMPLETE
36,0.7149373292922974,2025-10-26 11:58:19.077688,2025-10-26 11:58:21.433977,2,shared,0.07044605073780244,128,128,256.0,128.0,4,0.2538705362595197,900,10,0.000307974419440529,0.00031412754982472046,0.34923601150512695,0.6847345232963562,COMPLETE
127,0.7151501178741455,2025-10-26 12:06:56.978448,2025-10-26 12:06:58.800704,1,class-specific,0.0417294288715736,64,128,256.0,,3,0.23342694505742131,600,20,0.0006464124996900812,0.0005014079442951956,0.3490423560142517,0.6869469285011292,COMPLETE
25,0.7152857780456543,2025-10-26 11:57:09.314639,2025-10-26 11:57:12.043782,2,class-specific,0.039082515937602584,256,128,256.0,,3,0.11291940113425988,1200,20,0.00019067136816100925,0.003686255930512334,0.3489187955856323,0.6880530714988708,COMPLETE
184,0.7154079079627991,2025-10-26 12:13:23.605107,2025-10-26 12:13:27.364383,3,shared,0.032326437771085216,256,128,,,2,0.16996276889889997,1200,1,0.0004512606991769275,0.0001468449449170581,0.3488076329231262,0.6858407258987427,COMPLETE
172,0.7154605388641357,2025-10-26 12:11:56.584630,2025-10-26 12:12:04.692340,8,class-specific,0.03534640222918599,256,128,,,2,0.17619873739488157,600,1,0.00041863884204558917,0.00622463877835146,0.34875982999801636,0.6880530714988708,COMPLETE
80,0.7154613137245178,2025-10-26 12:03:14.047793,2025-10-26 12:03:21.913274,7,class-specific,0.020356223159946372,64,128,256.0,,3,0.34589048034765335,1200,1,0.0005709410630967107,0.004153532794588059,0.3487589955329895,0.6825221180915833,COMPLETE
185,0.7154776453971863,2025-10-26 12:13:27.390681,2025-10-26 12:13:34.690993,7,shared,0.02563425450141158,256,128,,,2,0.19788993904600116,1200,1,0.00038261369399622146,0.005896067395338989,0.34874409437179565,0.6830752491950989,COMPLETE
61,0.7156533002853394,2025-10-26 12:00:47.986272,2025-10-26 12:00:56.218262,8,shared,0.02676620587243537,64,128,64.0,128.0,4,0.27844950746149444,900,1,0.0003329469200662022,0.00045128255977269386,0.34858429431915283,0.6869469285011292,COMPLETE
117,0.715732216835022,2025-10-26 12:06:05.877352,2025-10-26 12:06:14.488365,8,shared,0.02523326497303857,256,128,256.0,,3,0.006106295981369525,300,1,0.00030048857668770184,0.0009053875187374466,0.3485124111175537,0.6863937973976135,COMPLETE
90,0.7157755494117737,2025-10-26 12:04:08.670894,2025-10-26 12:04:10.764162,2,class-specific,0.08544247489148696,256,256,256.0,128.0,4,0.36553195896422996,1500,20,0.00018965258750674427,0.006328351519711656,0.3484730124473572,0.6875,COMPLETE
121,0.7158689498901367,2025-10-26 12:06:25.981086,2025-10-26 12:06:32.306235,6,shared,0.051202371233515495,64,64,,,2,0.29544108075622094,300,1,0.0006062733329031185,0.00012069193702711976,0.3483879566192627,0.6825221180915833,COMPLETE
147,0.7158939242362976,2025-10-26 12:09:07.252880,2025-10-26 12:09:09.764951,2,class-specific,0.04540379685930687,256,256,,,2,0.22121540292670488,1200,10,0.005030794857857261,0.008494879173200447,0.34836530685424805,0.6902654767036438,COMPLETE
169,0.7159544825553894,2025-10-26 12:11:40.601966,2025-10-26 12:11:44.800862,4,class-specific,0.04316898505366714,256,128,,,2,0.09784247804603795,600,1,0.000706680097899136,0.008998865797584616,0.3483102321624756,0.6814159154891968,COMPLETE
106,0.7159578204154968,2025-10-26 12:05:22.906254,2025-10-26 12:05:30.074900,7,class-specific,0.0391473677462937,256,128,,,2,0.30816043398505705,900,1,0.00026576809891187337,0.00023122042088023593,0.34830713272094727,0.6880530714988708,COMPLETE
94,0.7159964442253113,2025-10-26 12:04:26.182594,2025-10-26 12:04:33.318976,7,shared,0.025292723188144947,128,128,64.0,128.0,4,0.27165577125879375,600,1,0.0008349580232169076,0.0007444206464871334,0.34827184677124023,0.685287594795227,COMPLETE
62,0.7160142660140991,2025-10-26 12:00:56.305265,2025-10-26 12:01:10.974785,14,shared,0.02394655410315567,64,128,64.0,128.0,4,0.3310482979779874,900,1,0.0002764819979697853,0.000363943164395735,0.3482556939125061,0.6913716793060303,COMPLETE
18,0.7160526514053345,2025-10-26 11:56:29.238430,2025-10-26 11:56:34.999132,5,class-specific,0.03936662861165412,256,128,,,2,0.2933065778102896,900,1,0.0011149696250233611,0.00195362861815531,0.3482208847999573,0.6875,COMPLETE
92,0.7160531878471375,2025-10-26 12:04:18.506681,2025-10-26 12:04:23.204735,4,shared,0.03195760625555792,256,128,256.0,128.0,4,0.28167669225890923,1200,1,0.00044404006219035344,0.000533672501606557,0.3482203483581543,0.6863937973976135,COMPLETE
73,0.7161496877670288,2025-10-26 12:02:21.776117,2025-10-26 12:02:35.616508,13,shared,0.01668945386657892,64,128,64.0,128.0,4,0.2777493920171033,900,1,0.0004401152941996662,0.0005703613214770215,0.34813249111175537,0.6819690465927124,COMPLETE
34,0.7161561250686646,2025-10-26 11:58:05.428695,2025-10-26 11:58:10.772641,5,shared,0.048033266519959976,128,128,256.0,128.0,4,0.3493864991946548,900,1,0.0002368468700831575,0.0001554850784893503,0.3481265902519226,0.6775442361831665,COMPLETE
102,0.7162543535232544,2025-10-26 12:05:10.112707,2025-10-26 12:05:12.368827,2,shared,0.05097313599893446,256,128,,,2,0.3570611634655243,300,20,0.0004688689648931217,0.0001669416789452062,0.3480372428894043,0.6875,COMPLETE
107,0.7164140343666077,2025-10-26 12:05:30.108416,2025-10-26 12:05:34.149747,4,shared,0.05558835590614477,128,128,256.0,128.0,4,0.38133157681740054,1500,1,0.00034307118247111875,0.00014240955139584944,0.34789180755615234,0.6869469285011292,COMPLETE
146,0.7164196968078613,2025-10-26 12:09:04.457142,2025-10-26 12:09:07.231448,2,class-specific,0.022361510006797487,256,128,,,2,0.1612519304974309,1200,20,0.00032069307022823977,0.006750270626856127,0.34788668155670166,0.6847345232963562,COMPLETE
198,0.7166788578033447,2025-10-26 12:14:45.092281,2025-10-26 12:14:46.459533,1,class-specific,0.06901640823456258,256,128,,,2,0.15453531992851371,1200,20,0.000365913558583793,0.004301815683144802,0.34765076637268066,0.6924778819084167,COMPLETE
72,0.7166971564292908,2025-10-26 12:02:14.192823,2025-10-26 12:02:21.738181,7,shared,0.03023932878298077,64,128,64.0,128.0,4,0.25470676775901535,900,1,0.0003695728332567649,0.0007240303076574203,0.3476341962814331,0.6863937973976135,COMPLETE
81,0.7167080640792847,2025-10-26 12:03:21.937277,2025-10-26 12:03:28.847623,6,shared,0.04161854418715331,256,128,256.0,128.0,4,0.2881173557777019,1200,1,0.0009542115028043193,0.0004043126781990335,0.34762418270111084,0.6830752491950989,COMPLETE
193,0.7167111039161682,2025-10-26 12:14:18.165390,2025-10-26 12:14:24.094323,5,shared,0.030599120219964183,256,128,,,2,0.28693025906231195,600,1,0.00032525732252840326,0.0014333548929443864,0.3476213812828064,0.6830752491950989,COMPLETE
115,0.7167186141014099,2025-10-26 12:05:58.801160,2025-10-26 12:06:02.415643,3,shared,0.06377164384711785,64,64,64.0,,3,0.2959219302029062,300,1,0.0007645615771055882,0.00011185221851746043,0.3476146459579468,0.6780973672866821,COMPLETE
51,0.7168595194816589,2025-10-26 11:59:49.713490,2025-10-26 12:00:04.693176,14,shared,0.02416362516292851,64,128,128.0,,3,0.3581934979255637,1500,1,0.000384056460102793,0.00024354083077358086,0.34748637676239014,0.6902654767036438,COMPLETE
56,0.7169671058654785,2025-10-26 12:00:31.471428,2025-10-26 12:00:34.027034,2,class-specific,0.033383219998151595,256,128,256.0,,3,0.38010422179388414,900,20,0.0007950976338924069,0.009831286629622188,0.34738850593566895,0.6863937973976135,COMPLETE
98,0.7170957922935486,2025-10-26 12:04:59.401506,2025-10-26 12:05:02.929953,3,class-specific,0.032097493665260296,128,128,64.0,,3,0.16177541706157186,1200,10,0.00022390206657621185,0.00034171788632682694,0.3472713828086853,0.6869469285011292,COMPLETE
45,0.7171141505241394,2025-10-26 11:59:24.936412,2025-10-26 11:59:32.961772,8,shared,0.017182974341443932,128,256,,,2,0.39854639005109904,900,1,0.00028741103511380325,0.0003114830936186234,0.3472546339035034,0.6825221180915833,COMPLETE
79,0.7171921133995056,2025-10-26 12:03:11.502895,2025-10-26 12:03:14.025991,2,shared,0.03629722518210049,256,128,,,2,0.18158910263748287,900,10,0.0002839281097359477,0.00044002888819463885,0.34718358516693115,0.678650438785553,COMPLETE
33,0.7173400521278381,2025-10-26 11:57:52.349890,2025-10-26 11:58:05.402152,13,shared,0.0206156708411051,128,128,,,2,0.3807681247265504,900,1,0.000163056130999632,0.0004095729976143933,0.3470489978790283,0.6880530714988708,COMPLETE
35,0.717532217502594,2025-10-26 11:58:10.812842,2025-10-26 11:58:19.049543,8,shared,0.03292406328026862,128,256,,,2,0.29007896311277626,1500,1,0.0004170276471492655,0.0006703210482283309,0.3468741178512573,0.6919247508049011,COMPLETE
166,0.7176951766014099,2025-10-26 12:11:21.938721,2025-10-26 12:11:32.506409,10,class-specific,0.03338849811389997,256,128,,,2,0.21661993697705126,600,1,0.0004719855854305734,0.005490604175938528,0.3467257618904114,0.6858407258987427,COMPLETE
44,0.7178203463554382,2025-10-26 11:59:22.397611,2025-10-26 11:59:24.911494,2,shared,0.03309962710315237,128,128,,,2,0.3370190929411532,900,20,0.00045005775832471153,0.0008161388354612937,0.34661179780960083,0.6869469285011292,COMPLETE
57,0.7185700535774231,2025-10-26 12:00:34.045049,2025-10-26 12:00:35.650429,1,shared,0.05348536438616427,256,64,128.0,,3,0.26506445684440477,1200,40,0.0006603314078981377,0.0007022825770730753,0.34592926502227783,0.6830752491950989,COMPLETE
86,0.7187157869338989,2025-10-26 12:03:53.571038,2025-10-26 12:04:01.975251,8,shared,0.03506427315898917,256,64,256.0,128.0,4,0.2400871227680017,600,1,0.00029403267289053567,0.0006633450145011257,0.34579670429229736,0.6847345232963562,COMPLETE
133,0.7188253402709961,2025-10-26 12:07:58.315030,2025-10-26 12:08:13.354904,15,shared,0.019465633147216714,256,128,,,2,0.16601352474166547,1200,1,0.000411418523705553,0.008437291551715992,0.34569698572158813,0.6869469285011292,COMPLETE
116,0.7188808917999268,2025-10-26 12:06:02.482665,2025-10-26 12:06:05.849147,3,class-specific,0.03292110577192909,64,128,,,2,0.24756965707161593,900,1,0.00038258064685851124,0.00029365801725203007,0.34564632177352905,0.6797566413879395,COMPLETE
101,0.7189608812332153,2025-10-26 12:05:07.740420,2025-10-26 12:05:10.093892,2,shared,0.028705010236108053,256,128,,,2,0.3297788150279674,300,20,0.00033799709989004484,0.00010025713992684446,0.3455736041069031,0.6858407258987427,COMPLETE
24,0.7190804481506348,2025-10-26 11:57:04.229348,2025-10-26 11:57:09.289975,5,class-specific,0.03867800882224579,256,128,64.0,,3,0.2612113094356744,900,1,0.001370536148718,0.0016004443266390718,0.34546464681625366,0.6880530714988708,COMPLETE
119,0.7191823720932007,2025-10-26 12:06:17.394166,2025-10-26 12:06:25.303162,7,class-specific,0.02951458861558864,256,128,128.0,,3,0.27715631398245955,900,1,0.0008465916608521352,0.00022705157295806183,0.34537196159362793,0.6880530714988708,COMPLETE
124,0.7192107439041138,2025-10-26 12:06:36.017170,2025-10-26 12:06:38.590065,2,shared,0.08042372275762784,64,64,,,2,0.3211186948477251,300,1,0.0010569536019908907,0.0001300763481112286,0.34534621238708496,0.6825221180915833,COMPLETE
134,0.7195441126823425,2025-10-26 12:08:13.391616,2025-10-26 12:08:28.439407,15,shared,0.017809029674230783,256,128,,,2,0.1551586296279614,1200,1,0.0002781453519833139,0.005737739513765436,0.34504270553588867,0.6875,COMPLETE
70,0.7196682691574097,2025-10-26 12:02:03.417860,2025-10-26 12:02:05.327042,1,shared,0.03606298747114098,256,128,256.0,,3,0.20071194039020476,1200,40,0.00014983978184698643,0.0017220945607932974,0.34492963552474976,0.685287594795227,COMPLETE
32,0.7201240062713623,2025-10-26 11:57:38.090742,2025-10-26 11:57:52.311486,14,shared,0.019988078340997775,128,128,,,2,0.33952905132899275,900,1,0.0005989887568432118,0.00036347164851212505,0.34451478719711304,0.6880530714988708,COMPLETE
148,0.72029048204422,2025-10-26 12:09:09.790849,2025-10-26 12:09:11.512695,1,class-specific,0.06033394701201292,256,128,,,2,0.21145630370440532,1200,40,0.0002920856912439544,0.006341906043633964,0.34436333179473877,0.6792035102844238,COMPLETE
144,0.7204076051712036,2025-10-26 12:08:58.750678,2025-10-26 12:09:01.395312,2,class-specific,0.020384092748246672,256,128,,,2,0.19705478233837412,1200,20,0.0005905085714979986,0.009922155894296384,0.3442566990852356,0.6863937973976135,COMPLETE
74,0.7204079627990723,2025-10-26 12:02:35.675536,2025-10-26 12:02:40.119860,4,shared,0.043262582520571635,64,128,64.0,128.0,4,0.21948807223944766,900,1,0.0005299490126832625,0.0004904905055369747,0.3442564606666565,0.6847345232963562,COMPLETE
15,0.7204644680023193,2025-10-26 11:56:14.961127,2025-10-26 11:56:17.884567,2,class-specific,0.08933764490511545,256,128,256.0,,3,0.2345183341787793,300,1,0.0015737835175195741,0.002589674960480107,0.3442051410675049,0.6814159154891968,COMPLETE
52,0.7209362387657166,2025-10-26 12:00:04.730219,2025-10-26 12:00:07.557311,2,shared,0.03072135287978196,256,128,64.0,,3,0.32663787746912665,1200,20,0.0005439237082268707,0.00019656687021667388,0.34377551078796387,0.6886062026023865,COMPLETE
187,0.7210318446159363,2025-10-26 12:13:36.588904,2025-10-26 12:13:39.632003,3,shared,0.06150305741868624,256,128,,,2,0.19517891568913104,1200,1,0.0005381086957608257,0.0035765067396298163,0.343688428401947,0.6808628439903259,COMPLETE
27,0.7210405468940735,2025-10-26 11:57:13.688011,2025-10-26 11:57:15.218560,1,class-specific,0.06708552681092804,256,128,,,2,0.31989579564435733,1200,40,0.0003359983383803171,0.0005903671100324303,0.3436805009841919,0.6753318309783936,COMPLETE
138,0.7212066650390625,2025-10-26 12:08:39.539475,2025-10-26 12:08:43.318206,3,class-specific,0.013319861013732724,256,128,,,2,0.20742041101481834,1200,40,0.0003362820222898885,0.0037212528357169128,0.3435293436050415,0.6775442361831665,COMPLETE
178,0.721439778804779,2025-10-26 12:12:38.786747,2025-10-26 12:12:41.180314,2,class-specific,0.04464834010899878,256,128,256.0,64.0,4,0.1986821684486269,600,1,0.0005899714400836838,0.00016791343357063442,0.34331727027893066,0.6753318309783936,COMPLETE
75,0.7214453220367432,2025-10-26 12:02:40.157958,2025-10-26 12:02:43.623122,3,shared,0.05055633530145103,128,128,64.0,256.0,4,0.33966886060377904,900,1,0.0006400218649579805,0.0009046913084813578,0.34331220388412476,0.6847345232963562,COMPLETE
165,0.7214772701263428,2025-10-26 12:11:15.400610,2025-10-26 12:11:21.905710,6,class-specific,0.04496642169661135,256,128,256.0,,3,0.20287062049331653,600,1,0.00040481597795951924,0.0061981738908059815,0.3432830572128296,0.6902654767036438,COMPLETE
68,0.7220620512962341,2025-10-26 12:01:46.986313,2025-10-26 12:01:49.315833,2,shared,0.01883422060622293,128,64,,,2,0.3713319093228607,300,20,0.0007300262129432744,0.0013539151325028297,0.3427508473396301,0.67643803358078,COMPLETE
21,0.7224682569503784,2025-10-26 11:56:57.592384,2025-10-26 11:56:59.593065,2,class-specific,0.057159026615501304,256,128,256.0,,3,0.19172096012460096,1200,20,0.0005353916285410159,0.005603252365683004,0.34238100051879883,0.6803097128868103,COMPLETE
40,0.7225269675254822,2025-10-26 11:58:48.351768,2025-10-26 11:58:49.741487,1,class-specific,0.08093740460490267,256,128,128.0,,3,0.04134244105424825,600,40,0.00018983328021778673,0.0045165855520044864,0.3423275351524353,0.6891592741012573,COMPLETE
8,0.7226471304893494,2025-10-26 11:55:45.379307,2025-10-26 11:55:47.684616,2,shared,0.015447420854872386,64,256,128.0,64.0,4,0.17167755080537486,1500,40,0.00543383145764074,0.00901655545351075,0.342218279838562,0.6814159154891968,COMPLETE
17,0.7226929664611816,2025-10-26 11:56:22.025384,2025-10-26 11:56:29.211945,7,class-specific,0.015480993173955375,256,128,256.0,,3,0.24278451706035503,300,1,0.0002381540554708579,0.0038284254419805605,0.3421764373779297,0.6836283206939697,COMPLETE
88,0.7228214144706726,2025-10-26 12:04:04.101245,2025-10-26 12:04:05.760737,1,class-specific,0.03950049456547206,256,128,256.0,,3,0.20125246710948388,600,40,0.0005064073604373568,0.0010024007451178382,0.3420596122741699,0.6841813921928406,COMPLETE
69,0.7229762077331543,2025-10-26 12:01:49.333275,2025-10-26 12:02:03.389955,14,class-specific,0.02331704749041681,64,128,256.0,,3,0.3267089793480321,900,1,0.00035645452167397564,0.00488696876414091,0.3419186472892761,0.6869469285011292,COMPLETE
103,0.7230939865112305,2025-10-26 12:05:12.387285,2025-10-26 12:05:14.913570,2,shared,0.03521280286645512,256,128,,,2,0.3398222102751744,300,20,0.0003053637391455036,0.0006498412125916893,0.34181147813796997,0.6880530714988708,COMPLETE
23,0.7235758900642395,2025-10-26 11:57:02.331127,2025-10-26 11:57:04.211025,1,class-specific,0.06740512410086974,256,128,256.0,,3,0.14759407845544373,600,20,0.00040185247916955664,0.0054974204065429575,0.34137290716171265,0.678650438785553,COMPLETE
91,0.7236419320106506,2025-10-26 12:04:10.780525,2025-10-26 12:04:18.475501,7,shared,0.02854790111482969,128,128,128.0,128.0,4,0.26709650462507023,900,1,0.0003698549482497103,0.000464888406800404,0.3413126468658447,0.6869469285011292,COMPLETE
139,0.7240157127380371,2025-10-26 12:08:43.335129,2025-10-26 12:08:46.867617,3,class-specific,0.010744768504500785,256,128,,,2,0.18520824095861185,1200,40,0.0005472774690265741,0.009014308600682691,0.3409724831581116,0.6780973672866821,COMPLETE
167,0.7246561050415039,2025-10-26 12:11:32.523477,2025-10-26 12:11:34.413738,1,class-specific,0.03946192424339768,256,128,128.0,,3,0.19092400500341697,600,40,0.0002960715113054757,0.0076723435603309525,0.340389609336853,0.6880530714988708,COMPLETE
109,0.7253619432449341,2025-10-26 12:05:37.410683,2025-10-26 12:05:38.880943,1,shared,0.045162672284156755,256,128,256.0,256.0,4,0.31912652798232655,900,40,0.0006919434639402212,0.0005636166382079605,0.3397470712661743,0.678650438785553,COMPLETE
112,0.7255217432975769,2025-10-26 12:05:49.138132,2025-10-26 12:05:55.627887,6,shared,0.04199984625861294,64,64,,,2,0.3337984400581263,300,1,0.0004825848109207305,0.00011319575554942407,0.3396015763282776,0.6858407258987427,COMPLETE
137,0.7258341312408447,2025-10-26 12:08:36.179589,2025-10-26 12:08:39.523800,3,class-specific,0.011667682296254539,256,128,,,2,0.19296624677564175,1200,40,0.0004863218905049939,0.004649169511857644,0.33931732177734375,0.6841813921928406,COMPLETE
10,0.7258998155593872,2025-10-26 11:55:53.617959,2025-10-26 11:55:54.486765,0,class-specific,0.0975802950288341,64,64,256.0,,3,0.0028661266562279852,600,20,0.0015272923623293258,0.009606528711898802,0.33925747871398926,0.6869469285011292,COMPLETE
189,0.7268050312995911,2025-10-26 12:13:51.652749,2025-10-26 12:13:53.245426,1,class-specific,0.04011598571711097,256,128,,,2,0.18850018786582715,1200,40,0.00035964755457351585,0.00018063512015108017,0.33843350410461426,0.6869469285011292,COMPLETE
65,0.7270779013633728,2025-10-26 12:01:33.548661,2025-10-26 12:01:37.240286,3,class-specific,0.09963696529534359,64,128,64.0,,3,0.35307621042516985,900,1,0.00021083259983737147,0.0005757077372507004,0.3381851315498352,0.6814159154891968,COMPLETE
123,0.7273431420326233,2025-10-26 12:06:34.228586,2025-10-26 12:06:35.973999,1,shared,0.06575275910971178,64,64,,,2,0.28710626650954657,300,1,0.0005094441674270485,0.00011226102852382209,0.3379437327384949,0.6808628439903259,COMPLETE
113,0.7276356816291809,2025-10-26 12:05:55.660674,2025-10-26 12:05:57.893564,2,shared,0.07153676009241963,64,64,,,2,0.2853838260727954,300,1,0.0012690710222142971,0.00013134498180143375,0.3376774191856384,0.6797566413879395,COMPLETE
118,0.7284717559814453,2025-10-26 12:06:14.529359,2025-10-26 12:06:17.344986,2,shared,0.048343366524567666,64,64,,,2,0.1933542793010089,1200,1,0.0004356665022896155,0.0001863625714454716,0.336916446685791,0.6780973672866821,COMPLETE
104,0.7286921739578247,2025-10-26 12:05:14.932220,2025-10-26 12:05:17.595071,2,shared,0.021845895669933058,256,128,,,2,0.32321192208747174,900,20,0.0003852327118313168,0.00017871286148540721,0.33671581745147705,0.6836283206939697,COMPLETE
87,0.729398250579834,2025-10-26 12:04:02.031075,2025-10-26 12:04:04.080441,2,shared,0.04695480651201862,256,128,256.0,,3,0.21770599171462846,600,10,0.0004126481946086004,0.0002760001140057123,0.33607304096221924,0.6836283206939697,COMPLETE
143,0.7296034693717957,2025-10-26 12:08:56.109190,2025-10-26 12:08:58.734537,2,class-specific,0.014607193683009579,256,128,,,2,0.15068463146934732,1200,20,0.00040808614531650064,0.007388172605770486,0.33588629961013794,0.6808628439903259,COMPLETE
4,0.7301564812660217,2025-10-26 11:55:36.779941,2025-10-26 11:55:39.126741,2,class-specific,0.010276780680102626,256,128,128.0,64.0,4,0.27869348624627965,1500,40,0.007130368549386575,0.0008072655610467207,0.335382878780365,0.6714601516723633,COMPLETE
142,0.73020339012146,2025-10-26 12:08:53.355422,2025-10-26 12:08:56.091943,2,class-specific,0.02153534954629723,256,128,,,2,0.12232079385512591,1200,20,0.0004561032601205417,0.007830658429883878,0.3353402018547058,0.6836283206939697,COMPLETE
49,0.7304218411445618,2025-10-26 11:59:43.930566,2025-10-26 11:59:47.905343,3,class-specific,0.012632185681391394,64,128,64.0,,3,0.17076987931329224,1500,10,0.0020318796085487586,0.0013581546184743838,0.3351414203643799,0.6758849620819092,COMPLETE
145,0.7305276989936829,2025-10-26 12:09:01.412661,2025-10-26 12:09:04.436703,3,class-specific,0.016911983332077562,256,128,,,2,0.17417208092541742,1200,20,0.0005143892441947127,0.005806802990110438,0.33504509925842285,0.6792035102844238,COMPLETE
177,0.7314360737800598,2025-10-26 12:12:35.651880,2025-10-26 12:12:38.765163,3,shared,0.023968673646285223,256,128,,,2,0.15594147762175653,1200,10,0.00022719040316063782,0.004908914254095914,0.33421820402145386,0.678650438785553,COMPLETE
159,0.7321902513504028,2025-10-26 12:10:32.933523,2025-10-26 12:10:35.516721,2,shared,0.028900540262420008,256,128,256.0,,3,0.17954614167486163,600,20,0.000276059149813177,0.00474806356947685,0.3335316777229309,0.6819690465927124,COMPLETE
50,0.7327885627746582,2025-10-26 11:59:47.923716,2025-10-26 11:59:49.696491,1,class-specific,0.04519317676834821,64,128,64.0,,3,0.2476759067369763,300,10,0.0011317904104920706,0.0022753991889362347,0.33298707008361816,0.6803097128868103,COMPLETE
7,0.733176052570343,2025-10-26 11:55:43.606228,2025-10-26 11:55:45.366192,1,class-specific,0.02634309070283777,256,128,256.0,,3,0.27040414256662487,1200,20,0.002403371580331593,0.0011335648140128362,0.3326343894004822,0.6880530714988708,COMPLETE
153,0.7337311506271362,2025-10-26 12:09:44.486500,2025-10-26 12:09:59.227364,14,shared,0.005196191425202166,128,128,,,2,0.3326191079429196,1200,1,0.00042436439581711486,0.0006059651462212469,0.33212924003601074,0.6747787594795227,COMPLETE
58,0.734260082244873,2025-10-26 12:00:35.666492,2025-10-26 12:00:37.185843,1,class-specific,0.0775613439384718,128,128,256.0,,3,0.3083677007603519,1500,1,0.0013185575280896871,0.0009207229875870412,0.3316475749015808,0.6703540086746216,COMPLETE
132,0.7349210977554321,2025-10-26 12:07:44.870923,2025-10-26 12:07:58.282295,13,shared,0.015841019142158824,256,128,,,2,0.1746532862877776,1200,1,0.00032284385612743697,0.007089281613963093,0.33104604482650757,0.6863937973976135,COMPLETE
59,0.7350888252258301,2025-10-26 12:00:37.224921,2025-10-26 12:00:45.651457,8,class-specific,0.014629603196453808,64,128,256.0,,3,0.1481342192656684,300,1,0.003762543636348037,0.0031622012317252023,0.33089321851730347,0.6841813921928406,COMPLETE
176,0.7358277440071106,2025-10-26 12:12:32.632618,2025-10-26 12:12:35.623384,2,shared,0.040403795778803805,256,128,256.0,256.0,4,0.30474436484191386,1200,1,0.00031265121314100354,0.00498043551471055,0.33022063970565796,0.6742256879806519,COMPLETE
149,0.7361314296722412,2025-10-26 12:09:11.538722,2025-10-26 12:09:14.322319,2,class-specific,0.01803297349014656,256,128,,,2,0.12582930938103057,1200,20,0.0003685309861189892,0.006824465531079328,0.3299441933631897,0.6797566413879395,COMPLETE
82,0.7366244792938232,2025-10-26 12:03:28.875416,2025-10-26 12:03:30.645714,1,shared,0.052344513518833194,256,128,256.0,128.0,4,0.29951540515452557,1200,1,0.0007337758848720087,0.000391410952499686,0.32949554920196533,0.6792035102844238,COMPLETE
180,0.7366495132446289,2025-10-26 12:12:49.979069,2025-10-26 12:12:55.478856,5,shared,0.032307637689395305,256,128,,,2,0.21056842813664192,1200,1,0.0004954970227023311,0.00020544431153176717,0.32947278022766113,0.6847345232963562,COMPLETE
157,0.7370163798332214,2025-10-26 12:10:25.439115,2025-10-26 12:10:27.328368,1,shared,0.03076929002109291,256,128,,,2,0.1846465069359234,600,10,0.00031066378759809013,0.004095134433573607,0.3291386365890503,0.6819690465927124,COMPLETE
37,0.7374369502067566,2025-10-26 11:58:21.450237,2025-10-26 11:58:24.854551,3,class-specific,0.009280735507926565,256,128,256.0,64.0,4,0.1356208386901564,300,40,0.0009062573455333816,0.001037148145048926,0.3287559747695923,0.6769911646842957,COMPLETE
163,0.7390825152397156,2025-10-26 12:10:58.367199,2025-10-26 12:11:04.944727,6,class-specific,0.03705988484066619,256,128,,,2,0.17308834389437966,600,1,0.00034265216391336475,0.005028792856216104,0.3272579312324524,0.6891592741012573,COMPLETE
16,0.7396694421768188,2025-10-26 11:56:17.923757,2025-10-26 11:56:22.001265,4,class-specific,0.027156925266124596,64,64,64.0,,3,0.3219362605587806,300,1,0.002570147625205816,0.0002618050715045233,0.32672375440597534,0.6836283206939697,COMPLETE
28,0.7419803142547607,2025-10-26 11:57:15.234854,2025-10-26 11:57:23.348123,8,class-specific,0.009626062582603782,256,64,256.0,,3,0.06783691702448946,300,1,0.0006822510174719975,0.0012255095359391666,0.32462042570114136,0.6714601516723633,COMPLETE
42,0.74595707654953,2025-10-26 11:59:03.588198,2025-10-26 11:59:17.714535,14,shared,0.011762969533628143,128,128,,,2,0.37270783468108176,900,1,0.0004966187078446339,0.0006493296004215789,0.3210005760192871,0.6886062026023865,COMPLETE
122,0.7473711967468262,2025-10-26 12:06:32.341248,2025-10-26 12:06:34.192200,1,shared,0.07295227848755413,64,64,,,2,0.3037116563322871,300,1,0.0006564102683220374,0.00044008678126617156,0.3197134733200073,0.6714601516723633,COMPLETE
76,0.747591495513916,2025-10-26 12:02:43.664638,2025-10-26 12:02:58.045695,14,class-specific,0.004098682990642303,64,128,256.0,64.0,4,0.2666162892553885,1500,1,0.00047276992654987524,0.00033791046322626574,0.31951290369033813,0.6720132827758789,COMPLETE
11,0.7481565475463867,2025-10-26 11:55:54.507551,2025-10-26 11:55:55.818508,1,shared,0.05241926038484472,128,128,,,2,0.08052794677704682,900,1,0.0005130976216318223,0.003307590907646138,0.3189985752105713,0.6869469285011292,COMPLETE
89,0.7483388781547546,2025-10-26 12:04:05.777443,2025-10-26 12:04:08.635857,2,shared,0.07479131222158178,256,128,256.0,,3,0.22990425037032133,600,1,0.0002575979472219606,0.0008170590406606661,0.3188326358795166,0.6814159154891968,COMPLETE
140,0.7504774928092957,2025-10-26 12:08:46.884041,2025-10-26 12:08:50.507435,3,class-specific,0.00746434502525681,256,128,,,2,0.11401586418700488,1200,40,0.0003771094245100778,0.005276673642808304,0.31688588857650757,0.6775442361831665,COMPLETE
93,0.7636033296585083,2025-10-26 12:04:23.231804,2025-10-26 12:04:26.150982,2,shared,0.046184870823442796,256,128,256.0,256.0,4,0.2481915235085409,300,1,0.00031575591435659627,0.0006001558851545124,0.3049381971359253,0.6858407258987427,COMPLETE
114,0.7648076415061951,2025-10-26 12:05:57.931890,2025-10-26 12:05:58.759762,0,shared,0.09031511605190998,64,64,256.0,,3,0.3476135421105754,300,1,0.0005361377783952539,0.0001525490560865392,0.3038420081138611,0.6581858396530151,COMPLETE
2,0.8044317960739136,2025-10-26 11:55:31.622632,2025-10-26 11:55:35.029175,3,class-specific,0.0045423498760335315,128,256,128.0,256.0,4,0.39766324293093613,300,1,0.00014532571095779735,0.00013971537316711036,0.26777464151382446,0.6471238732337952,COMPLETE
48,0.9602230191230774,2025-10-26 11:59:39.858383,2025-10-26 11:59:43.913582,4,shared,0.007385376708427758,64,128,64.0,,3,0.29570631321553736,1500,10,0.0007987596233523645,0.00015526702020615644,0.12596732378005981,0.6509955525398254,COMPLETE
110,1.015004277229309,2025-10-26 12:05:38.898008,2025-10-26 12:05:41.352773,2,shared,0.008507827339490655,128,256,64.0,64.0,4,0.271019241274184,600,20,0.00020178599401892333,0.005103189580356559,0.0761030912399292,0.6178097128868103,COMPLETE
38,1.4026610851287842,2025-10-26 11:58:24.871656,2025-10-26 11:58:39.506562,14,shared,0.0017695522632995083,256,256,,,2,0.21344062326996932,1200,1,0.000100138043799567,0.0001008080563062724,-0.2767571210861206,0.5868362784385681,COMPLETE
19,1.834984540939331,2025-10-26 11:56:35.028763,2025-10-26 11:56:43.525532,8,class-specific,0.006118177673227062,256,64,256.0,,3,0.0946767020614181,300,1,0.0007903483199492979,0.0004893633944487306,-0.6702749729156494,0.5918141603469849,COMPLETE
26,1.9618706703186035,2025-10-26 11:57:12.065266,2025-10-26 11:57:13.668692,1,class-specific,0.02146976079001708,256,128,256.0,128.0,4,0.20692278519999527,300,10,0.0009676614344409128,0.006578352152635093,-0.7857718467712402,0.6150442361831665,COMPLETE
30,2.1146316528320312,2025-10-26 11:57:25.988612,2025-10-26 11:57:28.760888,2,class-specific,0.0033911880157862983,256,64,64.0,,3,0.3935742832381694,1200,20,0.001150838127646956,0.002676892398222968,-0.9248206615447998,0.6111725568771362,COMPLETE
96,2.1558783054351807,2025-10-26 12:04:38.214087,2025-10-26 12:04:52.671114,14,shared,0.002493801980758767,256,128,,,2,0.22629722692368118,1500,1,0.000606539540844757,0.008311532947758727,-0.9623650312423706,0.5807521939277649,COMPLETE
55,2.254525661468506,2025-10-26 12:00:30.878026,2025-10-26 12:00:31.400511,0,shared,0.042664121386921314,256,128,,,2,0.23166043184044902,300,10,0.0004947341577780171,0.00012356631678010077,-1.0521576404571533,0.4634955823421478,COMPLETE
108,2.6690831184387207,2025-10-26 12:05:34.187529,2025-10-26 12:05:37.393691,3,class-specific,0.0011295423708637458,64,128,,,2,0.23966236415756131,1200,10,0.00042431860018233696,0.00047584674283518197,-1.429504156112671,0.4933628439903259,COMPLETE
0,4.320252895355225,2025-10-26 11:55:27.165596,2025-10-26 11:55:29.951243,2,shared,0.0012838291238370812,256,64,,,2,0.3662589260241393,1200,10,0.006050419961815108,0.0008804626907412249,-2.9324634075164795,0.5542035102844238,COMPLETE
5,4.47386360168457,2025-10-26 11:55:39.140039,2025-10-26 11:55:41.294317,2,shared,0.001754828131882663,128,128,,,2,0.13593026196993482,1200,10,0.0008560733595025059,0.0017015798471348236,-3.0722861289978027,0.5608407258987427,COMPLETE
6,4.899877548217773,2025-10-26 11:55:41.307388,2025-10-26 11:55:43.592164,2,shared,0.0011138133930461702,128,256,128.0,256.0,4,0.23432431442026203,1500,40,0.00011973893094952366,0.00011969418399293971,-3.4600605964660645,0.5519911646842957,COMPLETE
120,4.9671549797058105,2025-10-26 12:06:25.337738,2025-10-26 12:06:25.962769,0,shared,0.03722838146662728,128,128,,,2,0.3130148470821521,1500,10,0.00024311331344896648,0.0028865635925947744,-3.521299362182617,0.4435840845108032,COMPLETE
3,5.953629970550537,2025-10-26 11:55:35.043272,2025-10-26 11:55:36.766289,1,class-specific,0.005598368224154081,256,256,64.0,256.0,4,0.16251755486649194,900,10,0.00025370640033815783,0.0003683454637908956,-4.419227600097656,0.6167035102844238,COMPLETE
