chid,pid
2,1
3,1
4,1
5,1
6,1
7,1
9,1
10,3
11,3
12,3
14,3
16,3
17,3
18,3
20,4
21,4
22,4
23,4
24,4
25,4
26,4
27,4
29,6
30,6
31,6
32,6
33,6
34,6
35,6
36,6
37,7
38,7
39,7
40,7
41,7
43,7
44,7
45,7
46,8
47,8
48,8
49,8
50,8
51,8
52,8
54,8
55,9
57,9
58,9
60,9
61,9
62,9
63,9
65,14
66,14
67,14
68,14
69,14
70,14
71,14
72,14
73,16
74,16
76,16
77,16
80,16
82,17
83,17
84,17
88,17
89,17
90,17
91,18
92,18
93,18
94,18
95,18
96,18
98,18
99,18
101,19
102,19
103,19
104,19
106,19
107,19
108,19
109,20
110,20
111,20
112,20
114,20
117,20
118,22
119,22
120,22
121,22
122,22
123,22
125,22
126,22
127,23
129,23
130,23
131,23
132,23
133,23
134,23
136,25
137,25
138,25
139,25
143,25
144,25
145,26
148,26
149,26
150,26
152,26
153,26
154,29
156,29
157,29
159,29
160,29
161,29
162,29
164,30
165,30
166,30
167,30
168,30
169,30
170,30
173,31
174,31
175,31
176,31
177,31
178,31
180,31
181,37
185,37
186,37
187,37
188,37
189,37
190,41
191,41
192,41
194,41
195,41
196,41
197,41
198,41
199,42
200,42
201,42
203,42
204,42
205,42
206,42
207,42
209,44
210,44
212,44
213,44
214,44
215,44
216,44
217,45
218,45
219,45
221,45
223,45
224,45
226,47
227,47
228,47
229,47
230,47
231,47
232,47
233,47
235,48
236,48
238,48
240,48
241,48
243,48
244,49
245,49
246,49
249,49
250,49
251,49
256,50
257,50
258,50
262,51
263,51
264,51
266,51
267,51
268,51
269,51
271,53
274,53
275,53
276,53
277,53
278,53
283,56
284,56
285,56
287,56
288,56
289,57
290,57
291,57
292,57
294,57
295,57
296,57
297,57
298,58
299,58
301,58
303,58
304,58
305,58
307,59
308,59
309,59
311,59
313,59
314,59
315,59
316,60
317,60
318,60
319,60
320,60
321,60
322,60
323,60
324,60
325,61
326,61
327,61
328,61
330,61
331,61
332,61
333,61
334,62
335,62
336,62
337,62
338,62
339,62
340,62
342,62
343,63
344,63
345,63
346,63
347,63
348,63
349,63
350,63
351,63
352,64
353,64
354,64
355,64
356,64
357,64
358,64
359,64
362,65
363,65
364,65
365,65
366,65
367,65
370,66
372,66
373,66
374,66
375,66
376,66
380,67
381,67
382,67
383,67
385,67
386,67
387,67
388,68
389,68
390,68
391,68
392,68
393,68
394,68
395,68
396,68
397,69
398,69
399,69
400,69
401,69
402,69
403,69
406,70
407,70
408,70
409,70
410,70
411,70
412,70
413,70
414,70
415,71
416,71
417,71
419,71
420,71
421,71
422,71
424,72
425,72
427,72
428,72
429,72
430,72
431,72
432,72
433,74
436,74
437,74
438,74
439,74
440,74
441,74
442,75
444,75
445,75
447,75
448,75
449,75
450,75
451,77
452,77
453,77
454,77
456,77
458,77
459,77
463,79
464,79
465,79
467,79
469,81
470,81
471,81
472,81
473,81
474,81
475,81
476,81
478,82
479,82
481,82
482,82
483,82
485,82
486,82
487,83
489,83
490,83
491,83
492,83
493,83
494,83
496,84
497,84
498,84
502,84
503,84
504,84
505,85
506,85
507,85
508,85
510,85
511,85
512,85
513,85
515,86
516,86
518,86
519,86
520,86
521,86
523,87
524,87
525,87
526,87
528,87
529,87
530,87
531,87
532,88
534,88
535,88
536,88
537,88
538,88
541,89
542,89
543,89
544,89
545,89
547,89
548,89
550,91
551,91
554,91
556,91
557,91
558,91
560,92
561,92
562,92
563,92
564,92
565,92
566,92
567,92
568,93
569,93
570,93
571,93
572,93
574,93
576,93
577,94
578,94
579,94
580,94
583,94
585,94
586,95
587,95
588,95
589,95
590,95
592,95
594,95
595,96
597,96
598,96
600,96
601,96
602,96
603,96
605,97
606,97
607,97
609,97
610,97
612,97
613,98
614,98
615,98
616,98
618,98
620,98
621,98
622,99
623,99
624,99
626,99
627,99
628,99
629,99
630,99
631,101
632,101
633,101
634,101
635,101
638,101
639,101
641,102
642,102
643,102
644,102
645,102
647,102
648,102
650,104
651,104
652,104
653,104
654,104
655,104
656,104
657,104
658,105
660,105
661,105
662,105
663,105
664,105
666,105
667,106
668,106
669,106
670,106
671,106
672,106
673,106
675,106
676,107
677,107
678,107
680,107
681,107
682,107
683,107
684,107
686,111
687,111
688,111
689,111
690,111
691,111
693,111
694,112
696,112
697,112
698,112
699,112
700,112
703,115
704,115
705,115
706,115
707,115
709,115
710,115
711,115
712,117
713,117
715,117
718,117
720,117
722,119
723,119
724,119
725,119
726,119
727,119
728,119
731,120
732,120
735,120
736,120
737,120
738,120
739,121
741,121
742,121
743,121
744,121
745,121
747,121
748,122
750,122
752,122
753,122
754,122
755,122
756,122
757,125
758,125
760,125
761,125
762,125
763,125
764,125
765,125
766,126
767,126
768,126
769,126
770,126
771,126
772,126
773,126
774,126
775,127
776,127
777,127
778,127
779,127
780,127
781,127
782,127
783,127
784,129
786,129
788,129
790,129
791,129
793,130
795,130
797,130
798,130
799,130
800,130
801,130
802,132
803,132
805,132
806,132
807,132
808,132
810,132
812,135
813,135
815,135
817,135
818,135
819,135
820,138
821,138
823,138
824,138
825,138
826,138
827,138
828,138
829,140
830,140
831,140
834,140
835,140
836,140
837,140
838,145
839,145
840,145
841,145
842,145
843,145
844,145
846,145
847,148
849,148
850,148
851,148
852,148
853,148
854,148
855,148
856,149
857,149
858,149
859,149
860,149
861,149
863,149
864,149
865,150
867,150
868,150
869,150
870,150
871,150
872,150
873,150
874,151
875,151
876,151
877,151
878,151
880,151
881,151
882,151
883,152
884,152
885,152
886,152
888,152
890,152
891,152
893,153
894,153
895,153
896,153
898,153
899,153
900,153
902,154
905,154
906,154
907,154
908,154
910,155
911,155
912,155
913,155
915,155
916,155
919,156
920,156
921,156
922,156
923,156
924,156
925,156
926,156
928,162
931,162
932,162
934,162
935,162
936,162
937,166
938,166
939,166
940,166
941,166
942,166
943,166
945,166
946,169
947,169
948,169
949,169
950,169
951,169
953,169
954,169
955,170
956,170
957,170
958,170
960,170
961,170
962,170
963,170
966,171
967,171
968,171
969,171
970,171
971,171
972,171
973,174
974,174
976,174
977,174
978,174
980,174
981,174
982,176
983,176
984,176
985,176
986,176
987,176
988,176
989,176
990,176
991,177
992,177
993,177
995,177
996,177
998,177
999,177
1003,178
1004,178
1005,178
1006,178
1009,179
1010,179
1011,179
1012,179
1013,179
1014,179
1015,179
1016,179
1017,179
1018,180
1019,180
1021,180
1022,180
1024,180
1026,180
1027,181
1028,181
1029,181
1030,181
1032,181
1033,181
1034,181
1035,181
1036,182
1038,182
1040,182
1041,182
1042,182
1045,183
1046,183
1047,183
1048,183
1050,183
1051,183
1053,183
1054,185
1055,185
1056,185
1057,185
1058,185
1059,185
1060,185
1061,185
1062,185
1063,187
1064,187
1065,187
1066,187
1067,187
1068,187
1069,187
1070,187
1071,187
1072,189
1074,189
1075,189
1076,189
1077,189
1078,189
1080,189
1081,190
1082,190
1083,190
1085,190
1086,190
1089,190
1091,192
1092,192
1093,192
1094,192
1095,192
1096,192
1097,192
1098,192
1099,193
1100,193
1101,193
1102,193
1104,193
1105,193
1106,193
1107,193
1109,195
1111,195
1112,195
1113,195
1114,195
1115,195
1116,195
1117,196
1119,196
1120,196
1121,196
1122,196
1123,196
1124,196
1125,196
1126,198
1127,198
1128,198
1129,198
1130,198
1131,198
1132,198
1133,198
1134,198
1135,201
1136,201
1137,201
1138,201
1140,201
1142,201
1144,202
1145,202
1146,202
1149,202
1151,202
1152,202
1153,203
1155,203
1158,203
1160,203
1161,203
1162,205
1163,205
1164,205
1165,205
1166,205
1167,205
1168,205
1169,205
1170,205
1175,207
1176,207
1177,207
1178,207
1180,208
1181,208
1182,208
1183,208
1184,208
1185,208
1186,208
1187,208
1188,208
1189,209
1190,209
1191,209
1192,209
1193,209
1194,209
1195,209
1196,209
1197,209
1198,210
1199,210
1200,210
1201,210
1203,210
1204,210
1206,210
1207,213
1208,213
1209,213
1211,213
1212,213
1213,213
1214,213
1215,213
1217,214
1218,214
1220,214
1221,214
1222,214
1223,214
1224,214
1225,215
1226,215
1227,215
1228,215
1229,215
1230,215
1232,215
1233,215
1234,217
1236,217
1237,217
1238,217
1239,217
1242,217
1243,218
1244,218
1245,218
1246,218
1247,218
1248,218
1249,218
1250,218
1252,221
1253,221
1254,221
1255,221
1256,221
1257,221
1258,221
1259,221
1260,221
1261,224
1262,224
1263,224
1264,224
1265,224
1267,224
1269,224
1270,231
1271,231
1272,231
1273,231
1274,231
1276,231
1277,231
1278,231
1279,235
1280,235
1281,235
1282,235
1283,235
1284,235
1285,235
1287,235
1288,237
1289,237
1290,237
1291,237
1292,237
1294,237
1295,237
1296,237
1297,238
1298,238
1299,238
1300,238
1302,238
1303,238
1304,238
1305,238
1306,240
1307,240
1308,240
1309,240
1311,240
1312,240
1313,240
1314,240
1315,241
1316,241
1317,241
1318,241
1319,241
1323,241
1325,242
1326,242
1327,242
1328,242
1329,242
1330,242
1331,242
1332,242
1333,245
1334,245
1336,245
1337,245
1338,245
1339,245
1340,245
1342,246
1343,246
1344,246
1346,246
1347,246
1348,246
1349,246
1350,246
1351,247
1352,247
1353,247
1354,247
1355,247
1356,247
1357,247
1358,247
1359,247
1360,251
1361,251
1362,251
1363,251
1364,251
1365,251
1366,251
1367,251
1368,251
1369,252
1371,252
1372,252
1373,252
1375,252
1376,252
1377,252
1378,255
1379,255
1381,255
1382,255
1383,255
1384,255
1385,255
1387,256
1388,256
1389,256
1390,256
1392,256
1393,256
1394,256
1395,256
1396,257
1398,257
1399,257
1400,257
1401,257
1402,257
1403,257
1404,257
1406,259
1407,259
1408,259
1409,259
1410,259
1411,259
1412,259
1413,259
1414,265
1415,265
1416,265
1417,265
1418,265
1419,265
1420,265
1422,265
1423,266
1424,266
1426,266
1427,266
1429,266
1431,266
1432,269
1433,269
1434,269
1435,269
1436,269
1437,269
1438,269
1439,269
1440,269
1441,273
1442,273
1443,273
1444,273
1446,273
1447,273
1448,273
1449,273
1451,274
1452,274
1454,274
1456,274
1457,274
1458,274
1459,276
1460,276
1461,276
1463,276
1464,276
1466,276
1467,276
1468,278
1469,278
1470,278
1471,278
1472,278
1473,278
1475,278
1476,278
1477,280
1478,280
1479,280
1480,280
1481,280
1482,280
1483,280
1484,280
1487,281
1488,281
1489,281
1491,281
1492,281
1493,281
1495,282
1496,282
1497,282
1499,282
1500,282
1502,282
1503,282
1504,283
1505,283
1506,283
1507,283
1509,283
1510,283
1511,283
1512,283
1513,285
1514,285
1515,285
1516,285
1517,285
1519,285
1520,285
1522,286
1523,286
1524,286
1525,286
1526,286
1527,286
1529,286
1530,286
1531,290
1532,290
1533,290
1534,290
1535,290
1536,290
1537,290
1538,290
1539,290
1540,291
1541,291
1542,291
1543,291
1544,291
1545,291
1546,291
1547,291
1548,291
1550,292
1551,292
1553,292
1554,292
1555,292
1557,292
1560,293
1561,293
1562,293
1564,293
1566,293
1567,298
1568,298
1569,298
1571,298
1572,298
1573,298
1574,298
1575,298
1576,304
1577,304
1579,304
1580,304
1581,304
1582,304
1583,304
1584,304
1585,306
1587,306
1589,306
1590,306
1591,306
1592,306
1593,306
1594,311
1595,311
1596,311
1597,311
1598,311
1600,311
1602,311
1603,317
1604,317
1605,317
1606,317
1607,317
1608,317
1609,317
1613,318
1614,318
1615,318
1619,318
1620,318
1621,320
1622,320
1624,320
1625,320
1626,320
1627,320
1628,320
1629,320
1631,321
1632,321
1633,321
1634,321
1635,321
1636,321
1637,321
1638,321
1639,322
1640,322
1641,322
1642,322
1644,322
1645,322
1646,322
1647,322
1650,323
1651,323
1652,323
1653,323
1654,323
1657,326
1658,326
1659,326
1660,326
1661,326
1662,326
1664,326
1665,326
1666,328
1667,328
1669,328
1671,328
1672,328
1673,328
1674,328
1675,335
1676,335
1677,335
1678,335
1679,335
1680,335
1681,335
1682,335
1683,335
1684,341
1685,341
1686,341
1687,341
1688,341
1689,341
1691,341
1692,341
1693,342
1694,342
1696,342
1697,342
1698,342
1699,342
1700,342
1701,342
1702,343
1703,343
1704,343
1705,343
1706,343
1708,343
1709,343
1710,343
1711,344
1712,344
1713,344
1714,344
1715,344
1718,344
1723,345
1724,345
1725,345
1727,345
1728,345
1729,348
1730,348
1731,348
1732,348
1733,348
1735,348
1736,348
1738,350
1739,350
1740,350
1741,350
1742,350
1743,350
1744,350
1745,350
1746,350
1747,351
1748,351
1749,351
1750,351
1752,351
1753,351
1754,351
1755,351
1756,352
1757,352
1759,352
1762,352
1763,352
1764,352
1765,353
1767,353
1768,353
1769,353
1770,353
1771,353
1772,353
1773,353
1774,354
1775,354
1777,354
1779,354
1780,354
1781,354
1782,354
1783,355
1784,355
1786,355
1787,355
1788,355
1790,355
1791,355
1792,356
1793,356
1794,356
1795,356
1796,356
1797,356
1798,356
1799,356
1801,360
1802,360
1803,360
1804,360
1806,360
1807,360
1808,360
1809,360
1810,362
1812,362
1813,362
1814,362
1815,362
1816,362
1817,362
1818,362
1819,363
1820,363
1821,363
1822,363
1824,363
1825,363
1826,363
1827,363
1828,365
1829,365
1830,365
1831,365
1832,365
1833,365
1834,365
1835,365
1836,365
1839,366
1840,366
1841,366
1842,366
1843,366
1844,366
1846,367
1847,367
1848,367
1849,367
1850,367
1851,367
1852,367
1853,367
1854,367
1855,369
1856,369
1857,369
1858,369
1859,369
1863,369
1864,372
1866,372
1867,372
1871,372
1872,372
1873,375
1875,375
1876,375
1877,375
1878,375
1879,375
1881,375
1882,377
1883,377
1884,377
1885,377
1888,377
1889,377
1891,378
1892,378
1893,378
1894,378
1895,378
1897,378
1898,378
1899,378
1900,387
1901,387
1903,387
1904,387
1906,387
1907,387
1908,387
1910,389
1911,389
1912,389
1913,389
1914,389
1915,389
1917,389
1919,390
1922,390
1924,390
1925,390
1926,390
1927,391
1928,391
1930,391
1931,391
1933,391
1934,391
1935,391
1936,392
1937,392
1938,392
1939,392
1940,392
1942,392
1944,392
1945,393
1946,393
1948,393
1949,393
1950,393
1951,393
1953,393
1954,394
1955,394
1956,394
1957,394
1959,394
1960,394
1961,394
1962,394
1964,396
1965,396
1966,396
1968,396
1969,396
1970,396
1974,400
1975,400
1976,400
1977,400
1979,400
1980,400
1981,401
1982,401
1983,401
1984,401
1985,401
1986,401
1987,401
1989,401
1990,403
1991,403
1992,403
1993,403
1995,403
1997,403
1998,403
1999,404
2000,404
2001,404
2002,404
2004,404
2005,404
2006,404
2007,404
2008,405
2009,405
2010,405
2011,405
2012,405
2013,405
2014,405
2015,405
2016,405
2017,406
2018,406
2019,406
2020,406
2023,406
2024,406
2025,406
2026,407
2027,407
2028,407
2029,407
2030,407
2031,407
2032,407
2033,407
2035,408
2036,408
2037,408
2039,408
2040,408
2041,408
2042,408
2043,408
2044,409
2046,409
2047,409
2048,409
2049,409
2051,409
2052,409
2053,410
2054,410
2055,410
2056,410
2058,410
2059,410
2061,410
2062,411
2063,411
2064,411
2066,411
2067,411
2069,411
2071,412
2072,412
2074,412
2075,412
2076,412
2078,412
2079,412
2080,413
2081,413
2082,413
2083,413
2084,413
2085,413
2086,413
2088,413
2089,414
2090,414
2091,414
2092,414
2093,414
2094,414
2095,414
2096,414
2098,415
2100,415
2101,415
2102,415
2103,415
2104,415
2106,415
2107,416
2108,416
2109,416
2110,416
2111,416
2112,416
2113,416
2115,416
2116,417
2117,417
2118,417
2119,417
2120,417
2121,417
2122,417
2124,417
2126,418
2127,418
2128,418
2129,418
2131,418
2134,419
2136,419
2139,419
2140,419
2142,419
2143,420
2144,420
2145,420
2146,420
2147,420
2148,420
2149,420
2152,421
2153,421
2154,421
2157,421
2158,421
2159,421
2160,421
2162,422
2165,422
2166,422
2168,422
2169,422
2170,424
2171,424
2173,424
2174,424
2175,424
2176,424
2177,424
2178,424
2180,425
2181,425
2182,425
2183,425
2184,425
2185,425
2186,425
2187,425
2188,426
2189,426
2190,426
2192,426
2194,426
2195,426
2196,426
2197,428
2199,428
2200,428
2201,428
2202,428
2203,428
2204,428
2205,428
2206,429
2209,429
2210,429
2211,429
2212,429
2213,429
2214,429
2215,430
2216,430
2217,430
2218,430
2221,430
2222,430
2223,430
2225,431
2228,431
2229,431
2232,431
2233,432
2234,432
2236,432
2238,432
2239,432
2240,432
2241,432
2242,436
2243,436
2244,436
2245,436
2246,436
2247,436
2248,436
2251,437
2252,437
2254,437
2255,437
2256,437
2257,437
2258,437
2260,439
2261,439
2262,439
2263,439
2264,439
2265,439
2266,439
2267,439
2268,439
2270,440
2271,440
2272,440
2273,440
2274,440
2275,440
2276,440
2277,440
2278,442
2279,442
2280,442
2281,442
2282,442
2284,442
2286,442
2287,443
2288,443
2289,443
2290,443
2291,443
2292,443
2293,443
2294,443
2296,444
2297,444
2298,444
2299,444
2302,444
2303,444
2305,445
2306,445
2307,445
2309,445
2310,445
2311,445
2312,445
2314,446
2316,446
2317,446
2318,446
2319,446
2320,446
2321,446
2323,447
2324,447
2325,447
2326,447
2327,447
2328,447
2330,447
2331,447
2332,448
2333,448
2334,448
2335,448
2336,448
2337,448
2338,448
2340,448
2341,449
2342,449
2343,449
2344,449
2345,449
2346,449
2347,449
2348,449
2349,449
2350,450
2351,450
2355,450
2356,450
2357,450
2359,451
2360,451
2361,451
2362,451
2363,451
2364,451
2365,451
2366,451
2368,452
2369,452
2370,452
2371,452
2372,452
2374,452
2375,452
2376,452
2377,453
2379,453
2380,453
2381,453
2382,453
2383,453
2384,453
2385,453
2386,454
2387,454
2388,454
2389,454
2391,454
2392,454
2393,454
2395,455
2396,455
2397,455
2401,455
2402,455
2404,456
2405,456
2406,456
2407,456
2408,456
2409,456
2411,456
2412,456
2415,457
2418,457
2420,457
2421,457
2424,458
2425,458
2427,458
2429,458
2430,458
2431,459
2432,459
2433,459
2434,459
2435,459
2436,459
2439,459
2440,460
2441,460
2442,460
2444,460
2445,460
2446,460
2447,460
2448,460
2450,461
2451,461
2452,461
2453,461
2455,461
2456,461
2457,461
2459,462
2461,462
2463,462
2464,462
2465,462
2466,462
2467,463
2468,463
2469,463
2470,463
2471,463
2472,463
2473,463
2476,464
2477,464
2478,464
2480,464
2481,464
2482,464
2483,464
2484,464
2486,465
2487,465
2489,465
2490,465
2491,465
2492,465
2493,465
2495,466
2496,466
2497,466
2498,466
2499,466
2501,466
2502,466
2503,467
2504,467
2506,467
2507,467
2508,467
2509,467
2510,467
2511,467
2512,468
2513,468
2515,468
2517,468
2518,468
2519,468
2520,468
2521,469
2523,469
2524,469
2526,469
2527,469
2528,469
2529,469
2531,470
2533,470
2534,470
2535,470
2536,470
2537,470
2538,470
2539,471
2543,471
2544,471
2545,471
2549,472
2550,472
2553,472
2554,472
2555,472
2556,472
2557,473
2558,473
2559,473
2560,473
2562,473
2563,473
2564,473
2566,474
2567,474
2568,474
2569,474
2570,474
2571,474
2572,474
2573,474
2574,474
2576,475
2577,475
2579,475
2580,475
2581,475
2583,475
2584,476
2585,476
2586,476
2587,476
2589,476
2591,476
2592,476
2593,477
2594,477
2595,477
2596,477
2598,477
2599,477
2601,477
2602,478
2603,478
2604,478
2607,478
2609,478
2610,478
2611,479
2612,479
2613,479
2614,479
2615,479
2616,479
2617,479
2618,479
2619,479
2620,480
2621,480
2623,480
2624,480
2625,480
2626,480
2627,480
2628,480
2629,481
2630,481
2631,481
2633,481
2634,481
2635,481
2636,481
2638,482
2639,482
2640,482
2641,482
2643,482
2644,482
2645,482
2646,482
2647,483
2648,483
2649,483
2650,483
2651,483
2652,483
2653,483
2654,483
2655,483
2656,484
2657,484
2658,484
2659,484
2661,484
2662,484
2663,484
2664,484
2665,485
2666,485
2667,485
2668,485
2669,485
2670,485
2671,485
2672,485
2673,485
2674,486
2675,486
2676,486
2677,486
2678,486
2679,486
2680,486
2681,486
2682,486
2683,487
2684,487
2685,487
2686,487
2688,487
2689,487
2690,487
2691,487
2692,488
2693,488
2696,488
2697,488
2698,488
2699,488
2700,488
2701,489
2702,489
2703,489
2706,489
2707,489
2710,490
2711,490
2712,490
2713,490
2714,490
2717,490
2719,491
2720,491
2721,491
2723,491
2725,491
2726,491
2728,492
2729,492
2730,492
2731,492
2732,492
2733,492
2735,492
2736,492
2737,493
2738,493
2740,493
2741,493
2742,493
2744,493
2745,493
2747,494
2748,494
2749,494
2750,494
2751,494
2753,494
2754,494
2755,495
2758,495
2759,495
2761,495
2762,495
2763,495
2765,496
2766,496
2767,496
2768,496
2769,496
2770,496
2771,496
2772,496
2773,497
2774,497
2775,497
2776,497
2777,497
2778,497
2779,497
2780,497
2781,497
2782,498
2783,498
2784,498
2785,498
2786,498
2787,498
2788,498
2789,498
2790,498
2791,499
2794,499
2795,499
2796,499
2797,499
2798,499
2800,500
2802,500
2803,500
2806,500
2807,500
2808,500
2809,501
2810,501
2811,501
2813,501
2814,501
2815,501
2816,501
2817,501
2818,502
2819,502
2820,502
2821,502
2822,502
2823,502
2824,502
2827,503
2828,503
2830,503
2831,503
2832,503
2834,503
2835,503
2836,504
2837,504
2838,504
2839,504
2840,504
2843,504
2844,504
2845,505
2847,505
2848,505
2850,505
2852,505
2853,505
2854,506
2855,506
2856,506
2857,506
2858,506
2859,506
2860,506
2861,506
2862,506
2863,507
2864,507
2865,507
2866,507
2867,507
2868,507
2869,507
2870,507
2872,508
2873,508
2874,508
2875,508
2877,508
2878,508
2879,508
2880,508
2882,509
2883,509
2884,509
2885,509
2886,509
2887,509
2888,509
2889,509
2890,510
2891,510
2892,510
2893,510
2894,510
2897,510
2898,510
2899,511
2900,511
2902,511
2903,511
2904,511
2907,511
2908,512
2909,512
2911,512
2913,512
2914,512
2915,512
2916,512
2917,513
2918,513
2919,513
2920,513
2921,513
2922,513
2923,513
2924,513
2925,513
2926,514
2927,514
2928,514
2930,514
2931,514
2932,514
2933,514
2934,514
2935,515
2938,515
2939,515
2940,515
2941,515
2942,515
2943,515
2944,516
2945,516
2946,516
2947,516
2948,516
2949,516
2951,516
2953,517
2954,517
2955,517
2956,517
2957,517
2958,517
2959,517
2962,518
2963,518
2964,518
2965,518
2966,518
2967,518
2968,518
2969,518
2970,518
2971,519
2972,519
2973,519
2974,519
2975,519
2976,519
2977,519
2978,519
2979,519
2980,520
2982,520
2983,520
2984,520
2985,520
2986,520
2989,521
2990,521
2992,521
2993,521
2994,521
2995,521
2996,521
2998,522
3000,522
3001,522
3003,522
3004,522
3007,523
3008,523
3009,523
3010,523
3012,523
3013,523
3014,523
3016,524
3017,524
3018,524
3020,524
3021,524
3023,524
3024,524
3025,525
3026,525
3027,525
3028,525
3029,525
3030,525
3031,525
3032,525
3033,525
3034,526
3035,526
3036,526
3037,526
3039,526
3040,526
3041,526
3043,527
3044,527
3047,527
3048,527
3049,527
3051,527
3052,528
3053,528
3054,528
3055,528
3056,528
3057,528
3059,528
3060,528
3061,529
3062,529
3063,529
3064,529
3065,529
3066,529
3070,530
3071,530
3072,530
3074,530
3075,530
3076,530
3077,530
3078,530
3079,531
3080,531
3081,531
3082,531
3083,531
3084,531
3085,531
3087,531
3088,532
3089,532
3091,532
3092,532
3094,532
3095,532
3096,532
3097,533
3101,533
3102,533
3103,533
3104,533
3105,533
3106,534
3108,534
3110,534
3111,534
3112,534
3114,534
3115,535
3116,535
3117,535
3119,535
3120,535
3122,535
3123,535
3124,536
3125,536
3126,536
3127,536
3129,536
3131,536
3132,536
3134,537
3135,537
3137,537
3139,537
3140,537
3141,537
3142,538
3143,538
3144,538
3145,538
3146,538
3147,538
3150,538
3151,539
3152,539
3153,539
3156,539
3157,539
3158,539
3162,540
3163,540
3164,540
3165,540
3166,540
3168,540
3170,541
3172,541
3173,541
3174,541
3175,541
3176,541
3177,541
3178,542
3179,542
3180,542
3181,542
3182,542
3183,542
3184,542
3185,542
3186,542
3187,543
3188,543
3189,543
3190,543
3191,543
3192,543
3193,543
3194,543
3195,543
3196,544
3198,544
3199,544
3201,544
3203,544
3204,544
3206,545
3208,545
3209,545
3210,545
3211,545
3212,545
3213,545
3214,546
3215,546
3217,546
3218,546
3219,546
3220,546
3222,546
3223,547
3225,547
3226,547
3227,547
3228,547
3230,547
3231,547
3232,548
3233,548
3234,548
3235,548
3236,548
3237,548
3238,548
3239,548
3240,548
3241,549
3242,549
3243,549
3244,549
3245,549
3246,549
3247,549
3248,549
3249,549
3250,550
3251,550
3252,550
3253,550
3254,550
3255,550
3258,550
3259,551
3260,551
3261,551
3262,551
3263,551
3264,551
3265,551
3266,551
3268,552
3269,552
3270,552
3275,552
3277,553
3278,553
3279,553
3280,553
3282,553
3283,553
3284,553
3286,554
3287,554
3288,554
3289,554
3290,554
3291,554
3292,554
3293,554
3294,554
3297,555
3298,555
3299,555
3300,555
3301,555
3303,555
3304,556
3305,556
3306,556
3307,556
3309,556
3310,556
3312,556
3313,557
3315,557
3316,557
3317,557
3318,557
3319,557
3320,557
3321,557
3324,558
3326,558
3327,558
3328,558
3329,558
3330,558
3331,559
3332,559
3333,559
3334,559
3335,559
3336,559
3337,559
3338,559
3339,559
3340,560
3341,560
3342,560
3343,560
3344,560
3345,560
3346,560
3347,560
3350,561
3351,561
3352,561
3353,561
3355,561
3356,561
3357,561
3360,562
3361,562
3363,562
3364,562
3365,562
3366,562
3369,563
3370,563
3372,563
3373,563
3374,563
3376,564
3377,564
3378,564
3379,564
3380,564
3382,564
3383,564
3384,564
3385,565
3386,565
3387,565
3388,565
3389,565
3391,565
3392,565
3395,566
3396,566
3398,566
3399,566
3400,566
3401,566
3402,566
3404,567
3405,567
3406,567
3407,567
3408,567
3409,567
3410,567
3411,567
3412,568
3414,568
3415,568
3416,568
3418,568
3419,568
3420,568
3421,569
3422,569
3423,569
3425,569
3426,569
3427,569
3429,569
3430,570
3431,570
3432,570
3433,570
3434,570
3436,570
3437,570
3440,571
3441,571
3442,571
3443,571
3444,571
3445,571
3446,571
3447,571
3449,572
3451,572
3452,572
3453,572
3454,572
3455,572
3456,572
3457,573
3458,573
3459,573
3461,573
3462,573
3463,573
3464,573
3466,574
3468,574
3469,574
3470,574
3471,574
3472,574
3473,574
3474,574
3475,575
3476,575
3477,575
3478,575
3479,575
3480,575
3481,575
3482,575
3483,575
3484,576
3485,576
3486,576
3487,576
3489,576
3490,576
3491,576
3492,576
3493,577
3494,577
3495,577
3496,577
3500,577
3501,577
3503,578
3504,578
3505,578
3506,578
3507,578
3508,578
3510,578
3511,579
3512,579
3514,579
3515,579
3516,579
3517,579
3519,579
3520,580
3521,580
3522,580
3523,580
3524,580
3525,580
3526,580
3527,580
3528,580
3529,581
3530,581
3531,581
3532,581
3534,581
3535,581
3536,581
3537,581
3538,582
3539,582
3540,582
3541,582
3543,582
3546,582
3547,583
3549,583
3552,583
3553,583
3554,583
3556,584
3557,584
3558,584
3559,584
3560,584
3561,584
3562,584
3563,584
3564,584
3565,585
3566,585
3567,585
3568,585
3569,585
3570,585
3571,585
3573,585
3574,586
3577,586
3578,586
3579,586
3580,586
3581,586
3582,586
3583,587
3585,587
3586,587
3589,587
3592,588
3593,588
3594,588
3595,588
3597,588
3598,588
3599,588
3600,588
3601,589
3602,589
3603,589
3604,589
3605,589
3606,589
3607,589
3608,589
3609,589
3610,590
3611,590
3612,590
3613,590
3614,590
3615,590
3616,590
3618,590
3620,591
3621,591
3622,591
3623,591
3624,591
3625,591
3626,591
3627,591
3628,592
3629,592
3630,592
3631,592
3632,592
3633,592
3634,592
3635,592
3636,592
3638,593
3639,593
3640,593
3641,593
3642,593
3643,593
3644,593
3645,593
3646,594
3647,594
3648,594
3649,594
3650,594
3651,594
3652,594
3653,594
3655,595
3657,595
3658,595
3659,595
3660,595
3662,595
3663,595
3664,596
3666,596
3667,596
3668,596
3670,596
3673,597
3674,597
3675,597
3678,597
3679,597
3680,597
3682,598
3683,598
3684,598
3686,598
3687,598
3688,598
3689,598
3690,598
3694,599
3695,599
3696,599
3697,599
3698,599
3699,599
3700,600
3701,600
3702,600
3703,600
3704,600
3705,600
3706,600
3708,600
3710,601
3711,601
3712,601
3713,601
3715,601
3716,601
3717,601
3718,602
3720,602
3721,602
3723,602
3724,602
3726,602
3727,603
3728,603
3730,603
3731,603
3732,603
3733,603
3734,603
3735,603
3736,604
3737,604
3738,604
3739,604
3740,604
3741,604
3743,604
3744,604
3745,605
3746,605
3747,605
3748,605
3749,605
3750,605
3751,605
3753,605
3754,606
3755,606
3756,606
3757,606
3758,606
3759,606
3760,606
3761,606
3762,606
3763,607
3764,607
3765,607
3766,607
3767,607
3768,607
3769,607
3770,607
3771,607
3775,608
3776,608
3777,608
3778,608
3779,608
3780,608
3782,609
3784,609
3785,609
3787,609
3788,609
3789,609
3790,610
3791,610
3792,610
3794,610
3795,610
3797,610
3798,610
3802,611
3803,611
3805,611
3806,611
3807,611
3809,612
3810,612
3811,612
3813,612
3814,612
3815,612
3816,612
3817,613
3818,613
3819,613
3820,613
3821,613
3823,613
3824,613
3825,613
3827,614
3828,614
3829,614
3830,614
3831,614
3833,614
3834,614
3835,615
3836,615
3837,615
3838,615
3839,615
3840,615
3842,615
3843,615
3844,616
3845,616
3846,616
3848,616
3849,616
3850,616
3851,616
3852,616
3853,617
3854,617
3855,617
3856,617
3857,617
3858,617
3859,617
3860,617
3861,617
3862,618
3863,618
3864,618
3865,618
3867,618
3868,618
3869,618
3870,618
3871,619
3872,619
3874,619
3876,619
3878,619
3879,619
3880,620
3881,620
3882,620
3883,620
3884,620
3885,620
3886,620
3887,620
3889,621
3890,621
3891,621
3892,621
3893,621
3895,621
3896,621
3897,621
3898,622
3899,622
3900,622
3901,622
3902,622
3905,622
3906,622
3907,623
3908,623
3909,623
3910,623
3911,623
3912,623
3914,623
3915,623
3916,624
3917,624
3918,624
3919,624
3920,624
3921,624
3922,624
3924,624
3925,625
3926,625
3927,625
3928,625
3930,625
3931,625
3932,625
3933,625
3934,626
3935,626
3936,626
3937,626
3940,626
3941,626
3942,626
3944,627
3945,627
3946,627
3947,627
3949,627
3950,627
3951,627
3952,628
3953,628
3954,628
3955,628
3956,628
3957,628
3958,628
3959,628
3960,628
3961,629
3962,629
3963,629
3964,629
3965,629
3966,629
3967,629
3968,629
3970,630
3971,630
3972,630
3973,630
3975,630
3977,630
3978,630
3979,631
3980,631
3981,631
3982,631
3983,631
3984,631
3985,631
3986,631
3987,631
3988,632
3989,632
3990,632
3991,632
3992,632
3993,632
3994,632
3995,632
3996,632
3997,633
3998,633
4000,633
4001,633
4002,633
4004,633
4005,633
4006,634
4009,634
4011,634
4012,634
4013,634
4015,635
4016,635
4017,635
4018,635
4020,635
4021,635
4022,635
4023,635
4025,636
4026,636
4028,636
4029,636
4030,636
4031,636
4034,637
4035,637
4036,637
4037,637
4038,637
4039,637
4040,637
4041,637
4042,638
4043,638
4045,638
4046,638
4047,638
4048,638
4049,638
4050,638
4052,639
4053,639
4055,639
4056,639
4057,639
4058,639
4059,639
4061,640
4062,640
4063,640
4064,640
4068,640
4069,641
4070,641
4071,641
4072,641
4074,641
4075,641
4076,641
4078,642
4079,642
4080,642
4082,642
4083,642
4084,642
4085,642
4086,642
4087,643
4088,643
4089,643
4091,643
4092,643
4094,643
4096,644
4097,644
4098,644
4099,644
4100,644
4101,644
4102,644
4103,644
4104,644
4105,645
4106,645
4107,645
4108,645
4109,645
4110,645
4111,645
4112,645
4114,646
4115,646
4117,646
4118,646
4119,646
4121,646
4124,647
4126,647
4127,647
4128,647
4129,647
4130,647
4131,647
4132,648
4133,648
4134,648
4135,648
4136,648
4137,648
4138,648
4139,648
4141,649
4142,649
4143,649
4144,649
4145,649
4147,649
4148,649
4149,649
4152,650
4153,650
4155,650
4159,651
4161,651
4162,651
4163,651
4164,651
4165,651
4166,651
4167,651
4168,652
4170,652
4171,652
4172,652
4174,652
4176,652
4177,653
4178,653
4179,653
4180,653
4181,653
4182,653
4183,653
4184,653
4185,653
4186,654
4187,654
4188,654
4189,654
4190,654
4191,654
4192,654
4193,654
4194,654
4195,655
4196,655
4197,655
4198,655
4199,655
4200,655
4201,655
4202,655
4203,655
4204,656
4205,656
4206,656
4207,656
4209,656
4210,656
4211,656
4212,656
4214,657
4216,657
4217,657
4218,657
4219,657
4220,657
4221,657
4222,658
4223,658
4224,658
4225,658
4226,658
4227,658
4228,658
4231,659
4232,659
4233,659
4235,659
4236,659
4237,659
4238,659
4239,659
4240,660
4242,660
4248,660
4249,661
4250,661
4251,661
4252,661
4253,661
4254,661
4255,661
4256,661
4257,661
4259,662
4260,662
4261,662
4262,662
4263,662
4264,662
4265,662
4267,663
4268,663
4270,663
4271,663
4274,663
4275,663
4276,664
4277,664
4278,664
4279,664
4280,664
4281,664
4282,664
4284,664
4285,665
4286,665
4287,665
4289,665
4292,665
4293,665
4294,666
4296,666
4297,666
4298,666
4299,666
4300,666
4301,666
4302,666
4303,667
4304,667
4305,667
4307,667
4308,667
4309,667
4311,667
4312,668
4313,668
4314,668
4315,668
4316,668
4317,668
4319,668
4320,668
4321,669
4322,669
4323,669
4325,669
4326,669
4327,669
4329,669
4330,670
4331,670
4334,670
4335,670
4336,670
4337,670
4338,670
4339,671
4340,671
4341,671
4342,671
4344,671
4345,671
4346,671
4349,672
4350,672
4351,672
4353,672
4357,673
4358,673
4359,673
4360,673
4361,673
4363,673
4365,673
4366,674
4367,674
4369,674
4370,674
4371,674
4372,674
4373,674
4375,675
4376,675
4377,675
4379,675
4380,675
4382,675
4384,676
4385,676
4386,676
4387,676
4388,676
4389,676
4390,676
4391,676
4392,676
4393,677
4394,677
4395,677
4396,677
4397,677
4398,677
4399,677
4400,677
4401,677
4402,678
4403,678
4404,678
4405,678
4406,678
4407,678
4409,678
4410,678
4411,679
4412,679
4413,679
4414,679
4415,679
4416,679
4417,679
4418,679
4420,680
4422,680
4423,680
4424,680
4425,680
4426,680
4428,680
4429,681
4430,681
4432,681
4434,681
4437,681
4438,682
4439,682
4440,682
4445,682
4446,682
4447,683
4448,683
4449,683
4450,683
4452,683
4453,683
4454,683
4455,683
4456,684
4457,684
4459,684
4460,684
4461,684
4462,684
4463,684
4464,684
4466,685
4468,685
4469,685
4470,685
4471,685
4472,685
4473,685
4474,686
4475,686
4476,686
4478,686
4479,686
4480,686
4483,687
4484,687
4485,687
4486,687
4487,687
4488,687
4489,687
4490,687
4491,687
4492,688
4493,688
4494,688
4495,688
4496,688
4497,688
4500,688
4501,689
4502,689
4504,689
4505,689
4508,689
4509,689
4510,690
4511,690
4513,690
4515,690
4516,690
4517,690
4518,690
4519,691
4520,691
4521,691
4522,691
4523,691
4524,691
4526,691
4527,691
4528,692
4529,692
4530,692
4532,692
4533,692
4534,692
4535,692
4536,692
4537,693
4538,693
4539,693
4541,693
4542,693
4546,694
4547,694
4548,694
4549,694
4550,694
4551,694
4552,694
4553,694
4554,694
4555,695
4556,695
4557,695
4559,695
4560,695
4562,695
4563,695
4565,696
4566,696
4567,696
4568,696
4569,696
4570,696
4571,696
4573,697
4575,697
4576,697
4577,697
4579,697
4580,697
4582,698
4583,698
4585,698
4586,698
4587,698
4588,698
4589,698
4590,698
4591,699
4592,699
4593,699
4594,699
4596,699
4597,699
4598,699
4601,700
4602,700
4603,700
4604,700
4605,700
4606,700
4607,700
4608,700
4610,701
4611,701
4612,701
4614,701
4615,701
4616,701
4617,701
4618,702
4619,702
4620,702
4621,702
4623,702
4624,702
4627,703
4628,703
4629,703
4632,703
4633,703
4634,703
4637,704
4641,704
4642,704
4643,704
4644,704
4645,705
4646,705
4647,705
4648,705
4649,705
4651,705
4652,705
4653,705
4654,706
4655,706
4656,706
4657,706
4658,706
4659,706
4660,706
4661,706
4662,706
4663,707
4665,707
4666,707
4669,707
4671,707
4672,708
4674,708
4675,708
4677,708
4678,708
4679,708
4680,708
4681,709
4682,709
4684,709
4685,709
4687,709
4689,709
4690,710
4691,710
4693,710
4694,710
4696,710
4697,710
4699,711
4701,711
4702,711
4703,711
4704,711
4705,711
4706,711
4707,711
4708,712
4709,712
4710,712
4711,712
4712,712
4713,712
4714,712
4715,712
4717,713
4718,713
4719,713
4721,713
4722,713
4723,713
4724,713
4725,713
4726,714
4727,714
4728,714
4729,714
4730,714
4731,714
4732,714
4733,714
4734,714
4735,715
4736,715
4737,715
4738,715
4739,715
4740,715
4742,715
4743,715
4745,716
4746,716
4749,716
4750,716
4752,716
4753,717
4754,717
4755,717
4756,717
4757,717
4758,717
4760,717
4761,717
4762,718
4763,718
4764,718
4766,718
4767,718
4769,718
4770,718
4771,719
4772,719
4773,719
4774,719
4776,719
4777,719
4778,719
4779,719
4780,720
4781,720
4782,720
4783,720
4784,720
4785,720
4786,720
4787,720
4788,720
4789,721
4790,721
4791,721
4792,721
4794,721
4795,721
4796,721
4797,721
4799,722
4801,722
4802,722
4803,722
4804,722
4805,722
4807,723
4808,723
4809,723
4810,723
4813,723
4814,723
4815,723
4816,724
4817,724
4818,724
4820,724
4822,724
4823,724
4824,724
4825,725
4827,725
4828,725
4829,725
4830,725
4831,725
4832,725
4833,725
4834,726
4835,726
4837,726
4838,726
4839,726
4840,726
4841,726
4843,727
4844,727
4845,727
4846,727
4847,727
4848,727
4849,727
4851,727
4852,728
4853,728
4855,728
4857,728
4858,728
4859,728
4862,729
4863,729
4864,729
4866,729
4867,729
4868,729
4870,730
4871,730
4872,730
4873,730
4874,730
4875,730
4876,730
4877,730
4878,730
4881,731
4882,731
4883,731
4885,731
4886,731
4887,731
4888,732
4889,732
4890,732
4891,732
4892,732
4893,732
4894,732
4895,732
4896,732
4897,733
4900,733
4901,733
4902,733
4904,733
4905,733
4906,734
4907,734
4908,734
4909,734
4911,734
4912,734
4913,734
4914,734
4915,735
4916,735
4917,735
4918,735
4919,735
4920,735
4921,735
4922,735
4923,735
4925,736
4927,736
4928,736
4929,736
4931,736
4933,737
4934,737
4935,737
4936,737
4937,737
4938,737
4940,737
4941,737
4942,738
4943,738
4944,738
4945,738
4947,738
4948,738
4949,738
4950,738
4951,739
4952,739
4954,739
4957,739
4958,739
4959,739
4962,740
4963,740
4964,740
4965,740
4967,740
4968,740
4969,741
4970,741
4971,741
4974,741
4975,741
4976,741
4977,741
4978,742
4979,742
4982,742
4983,742
4984,742
4985,742
4986,742
4987,743
4988,743
4990,743
4991,743
4992,743
4993,743
4994,743
4995,743
4996,744
4998,744
4999,744
5000,744
5002,744
5003,744
5005,745
5006,745
5007,745
5008,745
5009,745
5010,745
5011,745
5013,745
5014,746
5015,746
5016,746
5018,746
5019,746
5020,746
5021,746
5022,746
5023,747
5024,747
5026,747
5027,747
5028,747
5029,747
5030,747
5031,747
5032,748
5033,748
5034,748
5035,748
5036,748
5037,748
5038,748
5039,748
5040,748
5041,749
5042,749
5044,749
5045,749
5046,749
5047,749
5048,749
5050,750
5053,750
5054,750
5055,750
5056,750
5057,750
5058,750
5059,751
5060,751
5061,751
5062,751
5063,751
5064,751
5065,751
5066,751
5068,752
5069,752
5070,752
5071,752
5072,752
5073,752
5074,752
5075,752
5076,752
5077,753
5078,753
5079,753
5081,753
5083,753
5084,753
5086,754
5087,754
5088,754
5089,754
5090,754
5091,754
5093,754
5096,755
5097,755
5099,755
5101,755
5102,755
5103,755
5104,756
5105,756
5106,756
5107,756
5109,756
5110,756
5111,756
5112,756
5113,757
5114,757
5115,757
5116,757
5117,757
5118,757
5119,757
5120,757
5121,757
5123,758
5125,758
5126,758
5127,758
5128,758
5130,758
5131,759
5132,759
5136,759
5137,759
5138,759
5139,759
5141,760
5142,760
5144,760
5145,760
5146,760
5147,760
5148,760
5149,761
5150,761
5151,761
5152,761
5153,761
5154,761
5155,761
5156,761
5157,761
5158,762
5159,762
5160,762
5161,762
5162,762
5164,762
5168,763
5169,763
5170,763
5172,763
5173,763
5174,763
5175,763
5176,764
5177,764
5178,764
5179,764
5180,764
5181,764
5182,764
5183,764
5185,765
5186,765
5188,765
5191,765
5192,765
5193,765
5194,766
5195,766
5196,766
5197,766
5198,766
5199,766
5200,766
5201,766
5203,767
5205,767
5206,767
5207,767
5209,767
5210,767
5213,768
5214,768
5215,768
5216,768
5217,768
5218,768
5219,768
5221,769
5223,769
5224,769
5225,769
5226,769
5227,769
5228,769
5229,769
5230,770
5231,770
5232,770
5233,770
5235,770
5236,770
5237,770
5239,771
5241,771
5243,771
5246,771
5247,771
5248,772
5250,772
5251,772
5252,772
5254,772
5255,772
5256,772
5257,773
5258,773
5259,773
5260,773
5262,773
5263,773
5264,773
5266,774
5267,774
5268,774
5269,774
5274,774
5275,775
5276,775
5277,775
5278,775
5279,775
5280,775
5281,775
5282,775
5283,775
5284,776
5286,776
5287,776
5291,776
5292,776
5293,777
5294,777
5295,777
5296,777
5297,777
5298,777
5299,777
5300,777
5302,778
5303,778
5305,778
5307,778
5308,778
5309,778
5310,778
5311,779
5312,779
5313,779
5314,779
5315,779
5316,779
5317,779
5321,780
5322,780
5323,780
5324,780
5325,780
5326,780
5327,780
5328,780
5329,781
5330,781
5331,781
5332,781
5333,781
5335,781
5336,781
5337,781
5339,782
5340,782
5342,782
5343,782
5345,782
5346,782
5347,783
5348,783
5349,783
5350,783
5353,783
5354,783
5355,783
5356,784
5357,784
5358,784
5359,784
5360,784
5361,784
5363,784
5364,784
5365,785
5366,785
5367,785
5368,785
5369,785
5370,785
5372,785
5373,785
5374,786
5375,786
5376,786
5377,786
5379,786
5380,786
5381,786
5382,786
5383,787
5384,787
5385,787
5386,787
5387,787
5388,787
5389,787
5390,787
5391,787
5395,788
5396,788
5397,788
5398,788
5400,788
5401,789
5402,789
5403,789
5404,789
5405,789
5406,789
5407,789
5408,789
5409,789
5410,790
5411,790
5412,790
5413,790
5415,790
5416,790
5419,791
5420,791
5421,791
5422,791
5423,791
5425,791
5426,791
5428,792
5429,792
5430,792
5431,792
5433,792
5434,792
5435,792
5436,792
5438,793
5439,793
5440,793
5441,793
5442,793
5443,793
5444,793
5445,793
5446,794
5447,794
5448,794
5450,794
5453,794
5454,794
5455,795
5456,795
5457,795
5459,795
5460,795
5461,795
5462,795
5463,795
5464,796
5465,796
5466,796
5467,796
5468,796
5469,796
5470,796
5471,796
5472,796
5473,797
5474,797
5475,797
5476,797
5477,797
5478,797
5479,797
5480,797
5481,797
5482,798
5483,798
5484,798
5485,798
5486,798
5487,798
5488,798
5489,798
5490,798
5491,799
5492,799
5493,799
5494,799
5496,799
5497,799
5498,799
5499,799
5500,800
5501,800
5502,800
5503,800
5504,800
5505,800
5506,800
5507,800
5508,800
5509,801
5510,801
5511,801
5512,801
5513,801
5514,801
5515,801
5516,801
5517,801
5518,802
5521,802
5522,802
5523,802
5526,802
5527,803
5529,803
5530,803
5532,803
5533,803
5534,803
5535,803
5536,804
5537,804
5538,804
5540,804
5542,804
5543,804
5544,804
5545,805
5546,805
5547,805
5548,805
5550,805
5551,805
5552,805
5554,806
5558,806
5560,806
5561,806
5562,806
5563,807
5564,807
5565,807
5566,807
5567,807
5568,807
5569,807
5570,807
5571,807
5572,808
5573,808
5574,808
5575,808
5576,808
5577,808
5579,808
5580,808
5581,809
5582,809
5583,809
5584,809
5585,809
5586,809
5589,809
5591,810
5592,810
5593,810
5594,810
5595,810
5596,810
5598,810
5599,811
5600,811
5602,811
5603,811
5604,811
5605,811
5606,811
5608,812
5609,812
5613,812
5614,812
5615,812
5616,812
5617,813
5618,813
5619,813
5620,813
5621,813
5622,813
5624,813
5625,813
5626,814
5627,814
5628,814
5630,814
5631,814
5632,814
5633,814
5634,814
5635,815
5636,815
5638,815
5639,815
5641,815
5642,815
5643,815
5644,816
5645,816
5647,816
5648,816
5649,816
5650,816
5651,816
5652,816
5653,817
5654,817
5655,817
5656,817
5657,817
5658,817
5660,817
5661,817
5662,818
5663,818
5664,818
5665,818
5666,818
5668,818
5669,818
5670,818
5671,819
5672,819
5673,819
5674,819
5675,819
5676,819
5678,819
5679,819
5680,820
5681,820
5683,820
5685,820
5686,820
5687,820
5688,820
5689,821
5691,821
5692,821
5693,821
5694,821
5695,821
5696,821
5699,822
5701,822
5702,822
5703,822
5705,822
5706,822
5708,823
5709,823
5711,823
5712,823
5713,823
5714,823
5715,823
5716,824
5717,824
5718,824
5719,824
5720,824
5721,824
5722,824
5723,824
5724,824
5725,825
5726,825
5728,825
5730,825
5732,825
5733,825
5734,826
5735,826
5736,826
5737,826
5738,826
5739,826
5741,826
5743,827
5744,827
5745,827
5746,827
5747,827
5748,827
5749,827
5750,827
5752,828
5753,828
5757,828
5758,828
5759,828
5760,828
5761,829
5762,829
5763,829
5765,829
5766,829
5767,829
5768,829
5769,829
5770,830
5771,830
5772,830
5773,830
5775,830
5776,830
5777,830
5778,830
5779,831
5780,831
5781,831
5782,831
5783,831
5784,831
5785,831
5786,831
5787,831
5790,832
5791,832
5792,832
5793,832
5794,832
5795,832
5797,833
5798,833
5799,833
5800,833
5801,833
5802,833
5803,833
5807,834
5808,834
5809,834
5810,834
5811,834
5812,834
5813,834
5816,835
5817,835
5818,835
5819,835
5820,835
5821,835
5822,835
5823,835
5825,836
5826,836
5827,836
5828,836
5829,836
5830,836
5831,836
5832,836
5833,837
5834,837
5835,837
5836,837
5837,837
5838,837
5839,837
5841,837
5842,838
5843,838
5845,838
5846,838
5847,838
5848,838
5849,838
5850,838
5851,839
5852,839
5853,839
5854,839
5855,839
5856,839
5857,839
5858,839
5860,840
5861,840
5862,840
5864,840
5865,840
5866,840
5867,840
5868,840
5871,841
5872,841
5873,841
5874,841
5875,841
5876,841
5877,841
5878,842
5879,842
5881,842
5882,842
5883,842
5884,842
5885,842
5886,842
5887,843
5888,843
5889,843
5890,843
5892,843
5893,843
5895,843
5897,844
5898,844
5899,844
5901,844
5902,844
5903,844
5904,844
5905,845
5906,845
5907,845
5908,845
5909,845
5910,845
5911,845
5912,845
5914,846
5915,846
5916,846
5917,846
5918,846
5919,846
5922,846
5923,847
5925,847
5926,847
5928,847
5929,847
5930,847
5932,848
5933,848
5934,848
5937,848
5938,848
5939,848
5940,848
5941,849
5942,849
5943,849
5947,849
5948,849
5949,849
5951,850
5952,850
5953,850
5954,850
5956,850
5957,850
5958,850
5959,851
5960,851
5962,851
5963,851
5964,851
5965,851
5966,851
5968,852
5969,852
5972,852
5973,852
5975,852
5976,852
5977,853
5978,853
5980,853
5981,853
5982,853
5984,853
5985,853
5986,854
5987,854
5990,854
5991,854
5992,854
5994,854
5995,855
5996,855
5997,855
5998,855
6002,855
6003,855
6004,856
6006,856
6007,856
6009,856
6011,856
6012,856
6013,857
6014,857
6015,857
6016,857
6017,857
6018,857
6019,857
6020,857
6021,857
6022,858
6023,858
6025,858
6026,858
6027,858
6029,858
6030,858
6032,859
6033,859
6035,859
6036,859
6037,859
6040,860
6041,860
6043,860
6044,860
6045,860
6047,860
6048,860
6049,861
6050,861
6051,861
6052,861
6053,861
6055,861
6056,861
6058,862
6059,862
6060,862
6061,862
6062,862
6063,862
6065,862
6066,862
6068,863
6069,863
6072,863
6074,863
6075,863
6076,864
6077,864
6078,864
6079,864
6080,864
6081,864
6082,864
6085,865
6086,865
6088,865
6090,865
6093,865
6094,866
6095,866
6096,866
6098,866
6099,866
6100,866
6101,866
6102,866
6104,867
6105,867
6106,867
6107,867
6108,867
6109,867
6110,867
6111,867
6112,868
6113,868
6114,868
6115,868
6116,868
6117,868
6118,868
6119,868
6121,869
6122,869
6123,869
6125,869
6126,869
6128,869
6129,869
6130,870
6131,870
6132,870
6133,870
6134,870
6135,870
6136,870
6139,871
6142,871
6143,871
6144,871
6145,871
6148,872
6149,872
6150,872
6151,872
6152,872
6153,872
6154,872
6155,872
6156,872
6160,873
6161,873
6163,873
6164,873
6165,873
6166,874
6167,874
6168,874
6170,874
6174,874
6175,875
6176,875
6177,875
6178,875
6179,875
6180,875
6181,875
6182,875
6183,875
6184,876
6185,876
6188,876
6190,876
6191,876
6192,876
6193,877
6194,877
6195,877
6197,877
6199,877
6200,877
6201,877
6202,878
6203,878
6204,878
6205,878
6206,878
6207,878
6208,878
6209,878
6210,878
6211,879
6212,879
6213,879
6214,879
6215,879
6216,879
6217,879
6218,879
6219,879
6220,880
6221,880
6222,880
6224,880
6225,880
6227,880
6228,880
6229,881
6231,881
6232,881
6234,881
6235,881
6237,881
6238,882
6239,882
6240,882
6241,882
6243,882
6244,882
6245,882
6249,883
6250,883
6251,883
6252,883
6253,883
6255,883
6256,884
6257,884
6258,884
6259,884
6260,884
6262,884
6263,884
6265,885
6266,885
6267,885
6268,885
6269,885
6270,885
6271,885
6272,885
6273,885
6274,886
6275,886
6276,886
6277,886
6278,886
6279,886
6280,886
6281,886
6282,886
6283,887
6284,887
6285,887
6286,887
6287,887
6288,887
6289,887
6290,887
6291,887
6292,888
6293,888
6294,888
6295,888
6296,888
6297,888
6298,888
6299,888
6300,888
6304,889
6305,889
6306,889
6307,889
6308,889
6309,889
6310,890
6311,890
6312,890
6314,890
6316,890
6317,890
6318,890
6319,891
6320,891
6323,891
6324,891
6325,891
6326,891
6327,891
6328,892
6329,892
6331,892
6332,892
6333,892
6334,892
6335,892
6336,892
6337,893
6338,893
6339,893
6340,893
6342,893
6343,893
6344,893
6345,893
6346,894
6347,894
6348,894
6349,894
6350,894
6351,894
6352,894
6354,894
6356,895
6357,895
6358,895
6359,895
6361,895
6362,895
6363,895
6364,896
6365,896
6366,896
6367,896
6368,896
6370,896
6371,896
6372,896
6373,897
6377,897
6378,897
6379,897
6380,897
6381,897
6382,898
6384,898
6385,898
6386,898
6387,898
6388,898
6389,898
6392,899
6393,899
6395,899
6396,899
6397,899
6399,899
6400,900
6402,900
6403,900
6404,900
6405,900
6406,900
6407,900
6408,900
6409,901
6410,901
6411,901
6412,901
6414,901
6415,901
6416,901
6418,902
6419,902
6420,902
6421,902
6422,902
6423,902
6424,902
6428,903
6429,903
6431,903
6432,903
6434,903
6435,903
6436,904
6438,904
6439,904
6440,904
6441,904
6442,904
6443,904
6444,904
6445,905
6446,905
6447,905
6449,905
6450,905
6451,905
6452,905
6454,906
6455,906
6456,906
6457,906
6458,906
6459,906
6460,906
6461,906
6462,906
6464,907
6465,907
6466,907
6467,907
6468,907
6469,907
6471,907
6472,908
6475,908
6476,908
6477,908
6478,908
6479,908
6483,909
6485,909
6486,909
6487,909
6488,909
6490,910
6491,910
6492,910
6493,910
6494,910
6495,910
6496,910
6497,910
6498,910
6500,911
6503,911
6504,911
6506,911
6507,911
6508,912
6509,912
6510,912
6511,912
6512,912
6513,912
6514,912
6515,912
6516,912
6517,913
6518,913
6519,913
6520,913
6521,913
6522,913
6524,913
6525,913
6526,914
6529,914
6531,914
6532,914
6533,914
6534,914
6535,915
6536,915
6537,915
6538,915
6539,915
6540,915
6541,915
6542,915
6544,916
6545,916
6547,916
6548,916
6550,916
6551,916
6552,916
6553,917
6554,917
6555,917
6556,917
6557,917
6558,917
6559,917
6561,917
6562,918
6563,918
6564,918
6565,918
6566,918
6567,918
6570,918
6572,919
6573,919
6574,919
6575,919
6577,919
6578,919
6579,919
6580,920
6581,920
6582,920
6583,920
6584,920
6585,920
6587,920
6589,921
6590,921
6591,921
6592,921
6593,921
6594,921
6595,921
6596,921
6598,922
6599,922
6600,922
6601,922
6602,922
6603,922
6605,922
6606,922
6607,923
6608,923
6611,923
6612,923
6613,923
6614,923
6616,924
6617,924
6618,924
6619,924
6620,924
6622,924
6623,924
6627,925
6628,925
6629,925
6630,925
6631,925
6632,925
6634,926
6635,926
6636,926
6640,926
6641,926
6642,926
6643,927
6644,927
6645,927
6647,927
6648,927
6649,927
6650,927
6651,927
6652,928
6653,928
6654,928
6656,928
6657,928
6658,928
6659,928
6660,928
6661,929
6662,929
6663,929
6664,929
6665,929
6666,929
6667,929
6668,929
6669,929
6671,930
6672,930
6676,930
6677,930
6678,930
6679,931
6680,931
6681,931
6682,931
6684,931
6686,931
6687,931
6688,932
6690,932
6691,932
6692,932
6693,932
6694,932
6695,932
6696,932
6698,933
6700,933
6701,933
6702,933
6703,933
6704,933
6705,933
6706,934
6707,934
6708,934
6710,934
6711,934
6712,934
6713,934
6714,934
6715,935
6716,935
6717,935
6719,935
6720,935
6721,935
6722,935
6725,936
6727,936
6728,936
6729,936
6731,936
6733,937
6734,937
6735,937
6736,937
6737,937
6738,937
6740,937
6741,937
6742,938
6743,938
6744,938
6745,938
6746,938
6747,938
6748,938
6749,938
6750,938
6751,939
6752,939
6753,939
6754,939
6755,939
6756,939
6757,939
6758,939
6759,939
6762,940
6763,940
6765,940
6766,940
6768,940
6770,941
6771,941
6772,941
6773,941
6775,941
6776,941
6777,941
6778,942
6780,942
6781,942
6782,942
6783,942
6784,942
6785,942
6787,943
6788,943
6789,943
6790,943
6791,943
6793,943
6794,943
6795,943
6797,944
6798,944
6800,944
6801,944
6803,944
6805,945
6806,945
6807,945
6808,945
6809,945
6810,945
6812,945
6813,945
6814,946
6815,946
6816,946
6818,946
6820,946
6821,946
6822,946
6824,947
6825,947
6826,947
6827,947
6828,947
6831,947
6833,948
6834,948
6835,948
6838,948
6839,948
6840,948
6841,949
6842,949
6843,949
6844,949
6845,949
6846,949
6847,949
6848,949
6849,949
6850,950
6851,950
6852,950
6853,950
6854,950
6856,950
6857,950
6858,950
6859,951
6860,951
6861,951
6863,951
6865,951
6866,951
6867,951
6868,952
6869,952
6870,952
6871,952
6872,952
6873,952
6874,952
6875,952
6876,952
6877,953
6878,953
6879,953
6880,953
6881,953
6882,953
6883,953
6884,953
6885,953
6886,954
6887,954
6889,954
6890,954
6891,954
6893,954
6894,954
6896,955
6897,955
6898,955
6899,955
6900,955
6901,955
6902,955
6903,955
6905,956
6906,956
6907,956
6908,956
6909,956
6910,956
6913,957
6914,957
6915,957
6916,957
6917,957
6918,957
6920,957
6922,958
6923,958
6925,958
6927,958
6928,958
6929,958
6930,958
6932,959
6933,959
6935,959
6936,959
6937,959
6939,959
6940,960
6942,960
6943,960
6944,960
6945,960
6947,960
6950,961
6951,961
6952,961
6953,961
6955,961
6956,961
6958,962
6959,962
6960,962
6962,962
6963,962
6964,962
6968,963
6969,963
6970,963
6971,963
6972,963
6973,963
6974,963
6976,964
6977,964
6978,964
6979,964
6980,964
6981,964
6982,964
6983,964
6985,965
6986,965
6988,965
6990,965
6991,965
6993,965
6994,966
6995,966
6998,966
6999,966
7001,966
7002,966
7003,967
7004,967
7005,967
7006,967
7007,967
7009,967
7010,967
7011,967
7012,968
7013,968
7014,968
7016,968
7018,968
7019,968
7020,968
7021,969
7022,969
7023,969
7024,969
7026,969
7028,969
7029,969
7030,970
7032,970
7033,970
7034,970
7035,970
7037,970
7039,971
7040,971
7041,971
7042,971
7043,971
7045,971
7046,971
7047,971
7049,972
7050,972
7051,972
7052,972
7053,972
7054,972
7055,972
7056,972
7057,973
7058,973
7059,973
7062,973
7064,973
7065,973
7066,974
7067,974
7068,974
7070,974
7072,974
7073,974
7074,974
7075,975
7076,975
7077,975
7078,975
7079,975
7080,975
7081,975
7083,975
7084,976
7085,976
7086,976
7087,976
7088,976
7089,976
7090,976
7091,976
7092,976
7093,977
7094,977
7096,977
7097,977
7098,977
7100,977
7101,977
7102,978
7103,978
7104,978
7105,978
7106,978
7108,978
7109,978
7110,978
7111,979
7112,979
7113,979
7114,979
7115,979
7116,979
7119,979
7120,980
7121,980
7124,980
7126,980
7127,980
7128,980
7130,981
7131,981
7132,981
7134,981
7135,981
7137,981
7138,982
7139,982
7140,982
7141,982
7142,982
7143,982
7145,982
7146,982
7147,983
7148,983
7149,983
7150,983
7152,983
7153,983
7155,983
7156,984
7157,984
7158,984
7159,984
7161,984
7162,984
7163,984
7165,985
7166,985
7168,985
7170,985
7171,985
7172,985
7173,985
7174,986
7175,986
7176,986
7177,986
7178,986
7179,986
7180,986
7181,986
7182,986
7184,987
7186,987
7187,987
7188,987
7189,987
7190,987
7191,987
7192,988
7193,988
7195,988
7196,988
7197,988
7198,988
7199,988
7201,989
7202,989
7203,989
7204,989
7205,989
7206,989
7210,990
7211,990
7212,990
7213,990
7214,990
7215,990
7216,990
7217,990
7219,991
7221,991
7222,991
7224,991
7226,991
7227,991
7228,992
7229,992
7230,992
7231,992
7232,992
7235,992
7237,993
7238,993
7239,993
7240,993
7241,993
7242,993
7243,993
7244,993
7245,993
7246,994
7247,994
7248,994
7249,994
7250,994
7251,994
7252,994
7253,994
7255,995
7256,995
7257,995
7258,995
7259,995
7260,995
7262,995
7263,995
7264,996
7265,996
7267,996
7268,996
7269,996
7270,996
7271,996
7273,997
7274,997
7277,997
7278,997
7280,997
7281,997
7282,998
7283,998
7284,998
7286,998
7287,998
7288,998
7289,998
7290,998
7291,999
7293,999
7295,999
7296,999
7298,999
7299,999
7301,1000
7302,1000
7303,1000
7304,1000
7305,1000
7306,1000
7307,1000
7309,1001
7310,1001
7311,1001
7312,1001
7314,1001
7315,1001
7316,1001
7318,1002
7319,1002
7320,1002
7321,1002
7323,1002
7324,1002
7326,1002
7327,1003
7328,1003
7329,1003
7331,1003
7333,1003
7334,1003
7335,1003
7336,1004
7337,1004
7339,1004
7340,1004
7342,1004
7343,1004
7344,1004
7345,1005
7346,1005
7347,1005
7348,1005
7349,1005
7351,1005
7352,1005
7353,1005
7354,1006
7356,1006
7357,1006
7358,1006
7359,1006
7360,1006
7362,1006
7363,1007
7364,1007
7366,1007
7367,1007
7368,1007
7369,1007
7370,1007
7371,1007
7372,1008
7373,1008
7374,1008
7376,1008
7377,1008
7380,1008
7381,1009
7382,1009
7383,1009
7384,1009
7385,1009
7386,1009
7387,1009
7388,1009
7389,1009
7390,1010
7391,1010
7393,1010
7394,1010
7395,1010
7396,1010
7397,1010
7398,1010
7399,1011
7402,1011
7404,1011
7405,1011
7406,1011
7407,1011
7409,1012
7410,1012
7411,1012
7412,1012
7414,1012
7415,1012
7416,1012
7418,1013
7419,1013
7420,1013
7423,1013
7425,1013
7426,1014
7427,1014
7428,1014
7429,1014
7430,1014
7431,1014
7432,1014
7434,1014
7437,1015
7438,1015
7439,1015
7440,1015
7441,1015
7442,1015
7443,1015
7444,1016
7445,1016
7447,1016
7450,1016
7451,1016
7452,1016
7453,1017
7456,1017
7457,1017
7459,1017
7460,1017
7461,1017
7462,1018
7465,1018
7466,1018
7467,1018
7468,1018
7470,1018
7472,1019
7473,1019
7474,1019
7476,1019
7477,1019
7479,1019
7480,1020
7481,1020
7482,1020
7483,1020
7484,1020
7485,1020
7487,1020
7488,1020
7489,1021
7490,1021
7491,1021
7493,1021
7494,1021
7496,1021
7497,1021
7498,1022
7499,1022
7500,1022
7501,1022
7502,1022
7503,1022
7504,1022
7505,1022
7506,1022
7507,1023
7508,1023
7509,1023
7510,1023
7512,1023
7513,1023
7514,1023
7516,1024
7517,1024
7518,1024
7519,1024
7520,1024
7522,1024
7523,1024
7524,1024
7525,1025
7526,1025
7527,1025
7530,1025
7531,1025
7532,1025
7533,1025
7535,1026
7536,1026
7537,1026
7538,1026
7540,1026
7541,1026
7542,1026
7543,1027
7544,1027
7547,1027
7548,1027
7549,1027
7550,1027
7551,1027
7552,1028
7553,1028
7554,1028
7555,1028
7556,1028
7557,1028
7558,1028
7559,1028
7560,1028
7562,1029
7563,1029
7564,1029
7565,1029
7566,1029
7567,1029
7569,1029
7572,1030
7578,1030
7579,1031
7580,1031
7581,1031
7582,1031
7583,1031
7584,1031
7585,1031
7586,1031
7587,1031
7588,1032
7589,1032
7591,1032
7594,1032
7595,1032
7596,1032
7599,1033
7600,1033
7604,1033
7605,1033
7606,1034
7607,1034
7608,1034
7609,1034
7610,1034
7611,1034
7612,1034
7613,1034
7614,1034
7615,1035
7616,1035
7617,1035
7618,1035
7619,1035
7620,1035
7621,1035
7623,1035
7624,1036
7625,1036
7627,1036
7628,1036
7631,1036
7632,1036
7633,1037
7635,1037
7636,1037
7640,1037
7641,1037
7642,1038
7643,1038
7644,1038
7645,1038
7646,1038
7647,1038
7648,1038
7649,1038
7650,1038
7651,1039
7652,1039
7654,1039
7655,1039
7656,1039
7657,1039
7658,1039
7659,1039
7660,1040
7661,1040
7662,1040
7663,1040
7664,1040
7665,1040
7666,1040
7667,1040
7668,1040
7671,1041
7673,1041
7675,1041
7676,1041
7677,1041
7679,1042
7680,1042
7681,1042
7682,1042
7683,1042
7685,1042
7686,1042
7687,1043
7688,1043
7690,1043
7692,1043
7693,1043
7694,1043
7696,1044
7697,1044
7698,1044
7699,1044
7702,1044
7703,1044
7706,1045
7709,1045
7710,1045
7711,1045
7712,1045
7713,1045
7714,1046
7716,1046
7717,1046
7718,1046
7719,1046
7720,1046
7721,1046
7722,1046
7723,1047
7724,1047
7725,1047
7726,1047
7729,1047
7730,1047
7732,1048
7733,1048
7735,1048
7737,1048
7738,1048
7739,1048
7740,1048
7741,1049
7742,1049
7743,1049
7744,1049
7745,1049
7746,1049
7747,1049
7749,1049
7750,1050
7751,1050
7752,1050
7753,1050
7754,1050
7756,1050
7758,1050
7760,1051
7761,1051
7762,1051
7763,1051
7764,1051
7766,1051
7767,1051
7768,1052
7770,1052
7771,1052
7772,1052
7773,1052
7774,1052
7776,1052
7777,1053
7778,1053
7779,1053
7780,1053
7781,1053
7783,1053
7784,1053
7785,1053
7787,1054
7788,1054
7790,1054
7792,1054
7793,1054
7794,1054
7795,1055
7796,1055
7797,1055
7798,1055
7799,1055
7801,1055
7802,1055
7803,1055
7806,1056
7807,1056
7808,1056
7809,1056
7810,1056
7812,1056
7813,1057
7814,1057
7815,1057
7816,1057
7817,1057
7818,1057
7819,1057
7820,1057
7821,1057
7822,1058
7823,1058
7825,1058
7827,1058
7828,1058
7829,1058
7831,1059
7832,1059
7834,1059
7835,1059
7836,1059
7837,1059
7838,1059
7839,1059
7840,1060
7842,1060
7843,1060
7845,1060
7846,1060
7848,1060
7850,1061
7851,1061
7853,1061
7854,1061
7855,1061
7856,1061
7857,1061
7858,1062
7860,1062
7862,1062
7863,1062
7864,1062
7865,1062
7866,1062
7868,1063
7869,1063
7870,1063
7871,1063
7873,1063
7874,1063
7876,1064
7877,1064
7878,1064
7879,1064
7880,1064
7881,1064
7882,1064
7883,1064
7884,1064
7885,1065
7886,1065
7887,1065
7888,1065
7889,1065
7890,1065
7893,1065
7894,1066
7896,1066
7898,1066
7899,1066
7900,1066
7901,1066
7902,1066
7903,1067
7904,1067
7905,1067
7906,1067
7907,1067
7910,1067
7912,1068
7913,1068
7914,1068
7916,1068
7917,1068
7918,1068
7920,1068
7923,1069
7924,1069
7926,1069
7927,1069
7928,1069
7929,1069
7930,1070
7933,1070
7934,1070
7935,1070
7936,1070
7937,1070
7938,1070
7939,1071
7941,1071
7942,1071
7943,1071
7944,1071
7946,1071
7947,1071
7948,1072
7949,1072
7950,1072
7951,1072
7952,1072
7953,1072
7954,1072
7955,1072
7956,1072
7957,1073
7958,1073
7959,1073
7960,1073
7961,1073
7962,1073
7963,1073
7964,1073
7965,1073
7966,1074
7967,1074
7968,1074
7970,1074
7971,1074
7972,1074
7974,1074
7975,1075
7976,1075
7978,1075
7979,1075
7982,1075
7983,1075
7984,1076
7986,1076
7987,1076
7988,1076
7989,1076
7990,1076
7991,1076
7992,1076
7993,1077
7994,1077
7995,1077
7996,1077
7997,1077
7998,1077
7999,1077
8000,1077
8001,1077
8002,1078
8003,1078
8005,1078
8006,1078
8007,1078
8008,1078
8009,1078
8010,1078
8011,1079
8012,1079
8013,1079
8014,1079
8015,1079
8017,1079
8018,1079
8019,1079
8020,1080
8021,1080
8022,1080
8023,1080
8025,1080
8027,1080
8028,1080
8031,1081
8032,1081
8033,1081
8034,1081
8035,1081
8036,1081
8038,1082
8039,1082
8040,1082
8041,1082
8043,1082
8044,1082
8046,1082
8047,1083
8048,1083
8049,1083
8050,1083
8051,1083
8052,1083
8053,1083
8054,1083
8055,1083
8056,1084
8057,1084
8058,1084
8059,1084
8060,1084
8061,1084
8062,1084
8063,1084
8064,1084
8065,1085
8066,1085
8067,1085
8068,1085
8069,1085
8070,1085
8071,1085
8072,1085
8073,1085
8074,1086
8075,1086
8076,1086
8077,1086
8078,1086
8079,1086
8081,1086
8082,1086
8083,1087
8085,1087
8087,1087
8089,1087
8091,1087
8092,1088
8093,1088
8094,1088
8095,1088
8096,1088
8098,1088
8101,1089
8103,1089
8104,1089
8105,1089
8106,1089
8111,1090
8112,1090
8113,1090
8115,1090
8116,1090
8118,1090
8119,1091
8120,1091
8121,1091
8122,1091
8123,1091
8124,1091
8125,1091
8126,1091
8130,1092
8131,1092
8132,1092
8133,1092
8134,1092
8135,1092
8136,1092
8137,1093
8139,1093
8140,1093
8141,1093
8142,1093
8145,1093
8146,1094
8147,1094
8149,1094
8150,1094
8151,1094
8152,1094
8153,1094
8154,1094
8155,1095
8156,1095
8157,1095
8158,1095
8159,1095
8160,1095
8161,1095
8163,1095
8164,1096
8165,1096
8166,1096
8167,1096
8169,1096
8170,1096
8171,1096
8172,1096
8173,1097
8174,1097
8175,1097
8176,1097
8177,1097
8178,1097
8179,1097
8180,1097
8182,1098
8183,1098
8184,1098
8186,1098
8188,1098
8189,1098
8190,1098
8195,1099
8196,1099
8197,1099
8199,1099
8200,1100
8204,1100
8205,1100
8206,1100
8207,1100
8208,1100
8209,1101
8210,1101
8211,1101
8212,1101
8213,1101
8215,1101
8216,1101
8217,1101
8218,1102
8220,1102
8221,1102
8222,1102
8223,1102
8224,1102
8225,1102
8226,1102
8227,1103
8229,1103
8231,1103
8232,1103
8233,1103
8234,1103
8235,1103
8236,1104
8237,1104
8238,1104
8239,1104
8240,1104
8241,1104
8243,1104
8244,1104
8245,1105
8246,1105
8247,1105
8248,1105
8249,1105
8250,1105
8251,1105
8253,1105
8254,1106
8255,1106
8256,1106
8257,1106
8258,1106
8259,1106
8260,1106
8261,1106
8262,1106
8263,1107
8264,1107
8265,1107
8266,1107
8267,1107
8269,1107
8270,1107
8271,1107
8272,1108
8274,1108
8276,1108
8277,1108
8278,1108
8279,1108
8280,1108
8281,1109
8282,1109
8284,1109
8286,1109
8287,1109
8288,1109
8289,1109
8290,1110
8292,1110
8293,1110
8295,1110
8298,1110
8299,1111
8301,1111
8302,1111
8303,1111
8304,1111
8306,1111
8307,1111
8308,1112
8311,1112
8312,1112
8313,1112
8314,1112
8315,1112
8316,1112
8318,1113
8319,1113
8321,1113
8322,1113
8324,1113
8325,1113
8326,1114
8327,1114
8328,1114
8329,1114
8331,1114
8332,1114
8334,1114
8335,1115
8336,1115
8338,1115
8339,1115
8341,1115
8342,1115
8343,1115
8345,1116
8346,1116
8347,1116
8348,1116
8349,1116
8352,1116
8354,1117
8355,1117
8356,1117
8357,1117
8359,1117
8360,1117
8361,1117
8362,1118
8364,1118
8365,1118
8366,1118
8367,1118
8368,1118
8369,1118
8370,1118
8371,1119
8372,1119
8373,1119
8374,1119
8375,1119
8376,1119
8378,1119
8380,1120
8381,1120
8382,1120
8385,1120
8386,1120
8387,1120
8388,1120
8389,1121
8390,1121
8392,1121
8393,1121
8394,1121
8395,1121
8396,1121
8397,1121
8398,1122
8400,1122
8401,1122
8402,1122
8403,1122
8404,1122
8405,1122
8406,1122
8407,1123
8408,1123
8409,1123
8410,1123
8411,1123
8412,1123
8413,1123
8414,1123
8415,1123
8416,1124
8417,1124
8419,1124
8420,1124
8423,1124
8424,1124
8425,1125
8429,1125
8430,1125
8431,1125
8432,1125
8434,1126
8436,1126
8437,1126
8438,1126
8439,1126
8440,1126
8441,1126
8443,1127
8444,1127
8445,1127
8446,1127
8447,1127
8448,1127
8450,1127
8451,1127
8453,1128
8454,1128
8455,1128
8456,1128
8458,1128
8459,1128
8460,1128
8461,1129
8464,1129
8465,1129
8466,1129
8467,1129
8468,1129
8469,1129
8470,1130
8471,1130
8472,1130
8474,1130
8475,1130
8476,1130
8477,1130
8478,1130
8479,1131
8480,1131
8481,1131
8482,1131
8483,1131
8484,1131
8485,1131
8486,1131
8487,1131
8488,1132
8490,1132
8491,1132
8493,1132
8495,1132
8496,1132
8497,1133
8501,1133
8502,1133
8503,1133
8504,1133
8505,1133
8508,1134
8509,1134
8510,1134
8511,1134
8512,1134
8514,1134
8515,1135
8516,1135
8517,1135
8518,1135
8519,1135
8520,1135
8521,1135
8522,1135
8523,1135
8524,1136
8525,1136
8526,1136
8528,1136
8529,1136
8530,1136
8531,1136
8532,1136
8533,1137
8534,1137
8535,1137
8536,1137
8537,1137
8538,1137
8539,1137
8540,1137
8544,1138
8545,1138
8546,1138
8547,1138
8548,1138
8549,1138
8550,1138
8551,1139
8553,1139
8554,1139
8555,1139
8556,1139
8558,1139
8559,1139
8560,1140
8561,1140
8562,1140
8563,1140
8565,1140
8566,1140
8567,1140
8568,1140
8570,1141
8571,1141
8572,1141
8573,1141
8574,1141
8575,1141
8576,1141
8577,1141
8578,1142
8579,1142
8580,1142
8581,1142
8582,1142
8583,1142
8585,1142
8586,1142
8587,1143
8588,1143
8589,1143
8590,1143
8591,1143
8594,1143
8595,1143
8596,1144
8597,1144
8598,1144
8599,1144
8600,1144
8601,1144
8602,1144
8604,1144
8605,1145
8607,1145
8608,1145
8609,1145
8610,1145
8611,1145
8613,1145
8614,1146
8615,1146
8616,1146
8617,1146
8618,1146
8621,1146
8622,1146
8624,1147
8625,1147
8627,1147
8628,1147
8629,1147
8632,1148
8634,1148
8635,1148
8636,1148
8637,1148
8640,1148
8641,1149
8642,1149
8643,1149
8645,1149
8646,1149
8647,1149
8648,1149
8649,1149
8650,1150
8651,1150
8653,1150
8654,1150
8656,1150
8657,1150
8659,1151
8660,1151
8662,1151
8665,1151
8667,1151
8668,1152
8671,1152
8672,1152
8673,1152
8674,1152
8675,1152
8677,1153
8678,1153
8679,1153
8681,1153
8682,1153
8683,1153
8684,1153
8685,1153
8686,1154
8687,1154
8688,1154
8691,1154
8692,1154
8693,1154
8695,1155
8696,1155
8697,1155
8698,1155
8699,1155
8700,1155
8701,1155
8703,1155
8704,1156
8705,1156
8706,1156
8707,1156
8708,1156
8709,1156
8710,1156
8711,1156
8712,1156
8713,1157
8714,1157
8717,1157
8718,1157
8719,1157
8720,1157
8722,1158
8723,1158
8724,1158
8725,1158
8726,1158
8727,1158
8728,1158
8729,1158
8730,1158
8731,1159
8732,1159
8734,1159
8735,1159
8736,1159
8737,1159
8741,1160
8742,1160
8743,1160
8744,1160
8745,1160
8746,1160
8748,1160
8749,1161
8751,1161
8752,1161
8753,1161
8754,1161
8755,1161
8758,1162
8760,1162
8762,1162
8764,1162
8765,1162
8767,1163
8768,1163
8769,1163
8771,1163
8773,1163
8774,1163
8775,1163
8776,1164
8778,1164
8780,1164
8781,1164
8783,1164
8784,1164
8786,1165
8788,1165
8789,1165
8791,1165
8792,1165
8793,1165
8794,1166
8796,1166
8797,1166
8800,1166
8801,1166
8802,1166
8803,1167
8804,1167
8805,1167
8807,1167
8808,1167
8810,1167
8811,1167
8812,1168
8813,1168
8814,1168
8815,1168
8816,1168
8817,1168
8818,1168
8819,1168
8820,1168
8821,1169
8822,1169
8823,1169
8824,1169
8825,1169
8826,1169
8827,1169
8828,1169
8829,1169
8830,1170
8831,1170
8832,1170
8834,1170
8835,1170
8836,1170
8837,1170
8838,1170
8839,1171
8840,1171
8841,1171
8842,1171
8843,1171
8844,1171
8845,1171
8846,1171
8847,1171
8848,1172
8849,1172
8850,1172
8852,1172
8853,1172
8854,1172
8855,1172
8858,1173
8859,1173
8860,1173
8861,1173
8862,1173
8863,1173
8864,1173
8866,1174
8867,1174
8868,1174
8869,1174
8870,1174
8871,1174
8872,1174
8873,1174
8874,1174
8875,1175
8876,1175
8877,1175
8878,1175
8879,1175
8880,1175
8881,1175
8882,1175
8883,1175
8884,1176
8887,1176
8889,1176
8890,1176
8891,1176
8892,1176
8894,1177
8896,1177
8897,1177
8898,1177
8899,1177
8900,1177
8901,1177
8902,1178
8903,1178
8905,1178
8906,1178
8907,1178
8909,1178
8910,1178
8911,1179
8914,1179
8915,1179
8916,1179
8917,1179
8918,1179
8919,1179
8920,1180
8921,1180
8922,1180
8923,1180
8924,1180
8926,1180
8927,1180
8928,1180
8929,1181
8930,1181
8931,1181
8932,1181
8933,1181
8934,1181
8935,1181
8936,1181
8937,1181
8938,1182
8939,1182
8940,1182
8941,1182
8942,1182
8943,1182
8945,1182
8946,1182
8947,1183
8949,1183
8950,1183
8951,1183
8952,1183
8953,1183
8954,1183
8955,1183
8956,1184
8957,1184
8958,1184
8960,1184
8961,1184
8962,1184
8963,1184
8964,1184
8965,1185
8966,1185
8967,1185
8968,1185
8969,1185
8970,1185
8971,1185
8972,1185
8973,1185
8974,1186
8975,1186
8976,1186
8977,1186
8978,1186
8980,1186
8982,1186
8983,1187
8984,1187
8985,1187
8987,1187
8988,1187
8989,1187
8990,1187
8991,1187
8992,1188
8994,1188
8995,1188
8996,1188
8997,1188
8998,1188
8999,1188
9000,1188
9001,1189
9002,1189
9004,1189
9005,1189
9006,1189
9008,1189
9009,1189
9011,1190
9014,1190
9015,1190
9016,1190
9017,1190
9018,1190
9021,1191
9022,1191
9023,1191
9025,1191
9026,1191
9028,1192
9030,1192
9031,1192
9033,1192
9034,1192
9035,1192
9036,1192
1,1
8,1
13,3
15,3
19,4
28,6
42,7
53,8
56,9
59,9
64,14
75,16
78,16
79,16
81,16
85,17
86,17
87,17
97,18
100,19
105,19
113,20
115,20
116,20
124,22
128,23
135,23
140,25
141,25
142,25
146,26
147,26
151,26
155,29
158,29
163,30
171,30
172,31
179,31
182,37
183,37
184,37
193,41
202,42
208,44
211,44
220,45
222,45
225,45
234,47
237,48
239,48
242,48
247,49
248,49
252,49
253,50
254,50
255,50
259,50
260,50
261,50
265,51
270,51
272,53
273,53
279,53
280,56
281,56
282,56
286,56
293,57
300,58
302,58
306,58
310,59
312,59
329,61
341,62
360,64
361,65
368,65
369,65
371,66
377,66
378,66
379,67
384,67
404,69
405,69
418,71
423,71
426,72
434,74
435,74
443,75
446,75
455,77
457,77
460,79
461,79
462,79
466,79
468,79
477,81
480,82
484,82
488,83
495,83
499,84
500,84
501,84
509,85
514,86
517,86
522,86
527,87
533,88
539,88
540,88
546,89
549,89
552,91
553,91
555,91
559,92
573,93
575,93
581,94
582,94
584,94
591,95
593,95
596,96
599,96
604,97
608,97
611,97
617,98
619,98
625,99
636,101
637,101
640,102
646,102
649,104
659,105
665,105
674,106
679,107
685,111
692,111
695,112
701,112
702,112
708,115
714,117
716,117
717,117
719,117
721,119
729,119
730,120
733,120
734,120
740,121
746,121
749,122
751,122
759,125
785,129
787,129
789,129
792,129
794,130
796,130
804,132
809,132
811,135
814,135
816,135
822,138
832,140
833,140
845,145
848,148
862,149
866,150
879,151
887,152
889,152
892,153
897,153
901,154
903,154
904,154
909,154
914,155
917,155
918,155
927,156
929,162
930,162
933,162
944,166
952,169
959,170
964,171
965,171
975,174
979,174
994,177
997,177
1000,178
1001,178
1002,178
1007,178
1008,178
1020,180
1023,180
1025,180
1031,181
1037,182
1039,182
1043,182
1044,182
1049,183
1052,183
1073,189
1079,189
1084,190
1087,190
1088,190
1090,192
1103,193
1108,195
1110,195
1118,196
1139,201
1141,201
1143,201
1147,202
1148,202
1150,202
1154,203
1156,203
1157,203
1159,203
1171,207
1172,207
1173,207
1174,207
1179,207
1202,210
1205,210
1210,213
1216,214
1219,214
1231,215
1235,217
1240,217
1241,217
1251,218
1266,224
1268,224
1275,231
1286,235
1293,237
1301,238
1310,240
1320,241
1321,241
1322,241
1324,242
1335,245
1341,245
1345,246
1370,252
1374,252
1380,255
1386,255
1391,256
1397,257
1405,259
1421,265
1425,266
1428,266
1430,266
1445,273
1450,274
1453,274
1455,274
1462,276
1465,276
1474,278
1485,280
1486,281
1490,281
1494,281
1498,282
1501,282
1508,283
1518,285
1521,285
1528,286
1549,292
1552,292
1556,292
1558,293
1559,293
1563,293
1565,293
1570,298
1578,304
1586,306
1588,306
1599,311
1601,311
1610,317
1611,317
1612,318
1616,318
1617,318
1618,318
1623,320
1630,321
1643,322
1648,323
1649,323
1655,323
1656,323
1663,326
1668,328
1670,328
1690,341
1695,342
1707,343
1716,344
1717,344
1719,344
1720,345
1721,345
1722,345
1726,345
1734,348
1737,348
1751,351
1758,352
1760,352
1761,352
1766,353
1776,354
1778,354
1785,355
1789,355
1800,356
1805,360
1811,362
1823,363
1837,366
1838,366
1845,366
1860,369
1861,369
1862,369
1865,372
1868,372
1869,372
1870,372
1874,375
1880,375
1886,377
1887,377
1890,377
1896,378
1902,387
1905,387
1909,389
1916,389
1918,390
1920,390
1921,390
1923,390
1929,391
1932,391
1941,392
1943,392
1947,393
1952,393
1958,394
1963,396
1967,396
1971,396
1972,400
1973,400
1978,400
1988,401
1994,403
1996,403
2003,404
2021,406
2022,406
2034,407
2038,408
2045,409
2050,409
2057,410
2060,410
2065,411
2068,411
2070,411
2073,412
2077,412
2087,413
2097,414
2099,415
2105,415
2114,416
2123,417
2125,418
2130,418
2132,418
2133,418
2135,419
2137,419
2138,419
2141,419
2150,420
2151,420
2155,421
2156,421
2161,422
2163,422
2164,422
2167,422
2172,424
2179,425
2191,426
2193,426
2198,428
2207,429
2208,429
2219,430
2220,430
2224,431
2226,431
2227,431
2230,431
2231,431
2235,432
2237,432
2249,436
2250,436
2253,437
2259,437
2269,440
2283,442
2285,442
2295,443
2300,444
2301,444
2304,444
2308,445
2313,445
2315,446
2322,446
2329,447
2339,448
2352,450
2353,450
2354,450
2358,450
2367,451
2373,452
2378,453
2390,454
2394,454
2398,455
2399,455
2400,455
2403,455
2410,456
2413,457
2414,457
2416,457
2417,457
2419,457
2422,458
2423,458
2426,458
2428,458
2437,459
2438,459
2443,460
2449,461
2454,461
2458,462
2460,462
2462,462
2474,463
2475,463
2479,464
2485,465
2488,465
2494,466
2500,466
2505,467
2514,468
2516,468
2522,469
2525,469
2530,470
2532,470
2540,471
2541,471
2542,471
2546,471
2547,471
2548,472
2551,472
2552,472
2561,473
2565,473
2575,475
2578,475
2582,475
2588,476
2590,476
2597,477
2600,477
2605,478
2606,478
2608,478
2622,480
2632,481
2637,481
2642,482
2660,484
2687,487
2694,488
2695,488
2704,489
2705,489
2708,489
2709,489
2715,490
2716,490
2718,490
2722,491
2724,491
2727,491
2734,492
2739,493
2743,493
2746,494
2752,494
2756,495
2757,495
2760,495
2764,496
2792,499
2793,499
2799,499
2801,500
2804,500
2805,500
2812,501
2825,502
2826,502
2829,503
2833,503
2841,504
2842,504
2846,505
2849,505
2851,505
2871,507
2876,508
2881,509
2895,510
2896,510
2901,511
2905,511
2906,511
2910,512
2912,512
2929,514
2936,515
2937,515
2950,516
2952,516
2960,517
2961,517
2981,520
2987,520
2988,520
2991,521
2997,521
2999,522
3002,522
3005,522
3006,522
3011,523
3015,523
3019,524
3022,524
3038,526
3042,526
3045,527
3046,527
3050,527
3058,528
3067,529
3068,529
3069,529
3073,530
3086,531
3090,532
3093,532
3098,533
3099,533
3100,533
3107,534
3109,534
3113,534
3118,535
3121,535
3128,536
3130,536
3133,537
3136,537
3138,537
3148,538
3149,538
3154,539
3155,539
3159,539
3160,540
3161,540
3167,540
3169,541
3171,541
3197,544
3200,544
3202,544
3205,545
3207,545
3216,546
3221,546
3224,547
3229,547
3256,550
3257,550
3267,551
3271,552
3272,552
3273,552
3274,552
3276,552
3281,553
3285,553
3295,555
3296,555
3302,555
3308,556
3311,556
3314,557
3322,558
3323,558
3325,558
3348,560
3349,561
3354,561
3358,562
3359,562
3362,562
3367,563
3368,563
3371,563
3375,563
3381,564
3390,565
3393,565
3394,566
3397,566
3403,567
3413,568
3417,568
3424,569
3428,569
3435,570
3438,570
3439,571
3448,572
3450,572
3460,573
3465,573
3467,574
3488,576
3497,577
3498,577
3499,577
3502,578
3509,578
3513,579
3518,579
3533,581
3542,582
3544,582
3545,582
3548,583
3550,583
3551,583
3555,583
3572,585
3575,586
3576,586
3584,587
3587,587
3588,587
3590,587
3591,587
3596,588
3617,590
3619,591
3637,593
3654,594
3656,595
3661,595
3665,596
3669,596
3671,596
3672,596
3676,597
3677,597
3681,597
3685,598
3691,599
3692,599
3693,599
3707,600
3709,601
3714,601
3719,602
3722,602
3725,602
3729,603
3742,604
3752,605
3772,608
3773,608
3774,608
3781,609
3783,609
3786,609
3793,610
3796,610
3799,611
3800,611
3801,611
3804,611
3808,612
3812,612
3822,613
3826,614
3832,614
3841,615
3847,616
3866,618
3873,619
3875,619
3877,619
3888,620
3894,621
3903,622
3904,622
3913,623
3923,624
3929,625
3938,626
3939,626
3943,627
3948,627
3969,629
3974,630
3976,630
3999,633
4003,633
4007,634
4008,634
4010,634
4014,634
4019,635
4024,636
4027,636
4032,636
4033,637
4044,638
4051,639
4054,639
4060,640
4065,640
4066,640
4067,640
4073,641
4077,641
4081,642
4090,643
4093,643
4095,643
4113,645
4116,646
4120,646
4122,646
4123,647
4125,647
4140,648
4146,649
4150,650
4151,650
4154,650
4156,650
4157,650
4158,650
4160,651
4169,652
4173,652
4175,652
4208,656
4213,657
4215,657
4229,658
4230,658
4234,659
4241,660
4243,660
4244,660
4245,660
4246,660
4247,660
4258,662
4266,662
4269,663
4272,663
4273,663
4283,664
4288,665
4290,665
4291,665
4295,666
4306,667
4310,667
4318,668
4324,669
4328,669
4332,670
4333,670
4343,671
4347,671
4348,672
4352,672
4354,672
4355,672
4356,672
4362,673
4364,673
4368,674
4374,674
4378,675
4381,675
4383,675
4408,678
4419,679
4421,680
4427,680
4431,681
4433,681
4435,681
4436,681
4441,682
4442,682
4443,682
4444,682
4451,683
4458,684
4465,685
4467,685
4477,686
4481,686
4482,686
4498,688
4499,688
4503,689
4506,689
4507,689
4512,690
4514,690
4525,691
4531,692
4540,693
4543,693
4544,693
4545,693
4558,695
4561,695
4564,696
4572,696
4574,697
4578,697
4581,697
4584,698
4595,699
4599,699
4600,700
4609,701
4613,701
4622,702
4625,702
4626,702
4630,703
4631,703
4635,703
4636,704
4638,704
4639,704
4640,704
4650,705
4664,707
4667,707
4668,707
4670,707
4673,708
4676,708
4683,709
4686,709
4688,709
4692,710
4695,710
4698,710
4700,711
4716,712
4720,713
4741,715
4744,716
4747,716
4748,716
4751,716
4759,717
4765,718
4768,718
4775,719
4793,721
4798,722
4800,722
4806,722
4811,723
4812,723
4819,724
4821,724
4826,725
4836,726
4842,726
4850,727
4854,728
4856,728
4860,728
4861,729
4865,729
4869,729
4879,731
4880,731
4884,731
4898,733
4899,733
4903,733
4910,734
4924,736
4926,736
4930,736
4932,736
4939,737
4946,738
4953,739
4955,739
4956,739
4960,740
4961,740
4966,740
4972,741
4973,741
4980,742
4981,742
4989,743
4997,744
5001,744
5004,744
5012,745
5017,746
5025,747
5043,749
5049,749
5051,750
5052,750
5067,751
5080,753
5082,753
5085,753
5092,754
5094,754
5095,755
5098,755
5100,755
5108,756
5122,758
5124,758
5129,758
5133,759
5134,759
5135,759
5140,760
5143,760
5163,762
5165,762
5166,762
5167,763
5171,763
5184,764
5187,765
5189,765
5190,765
5202,766
5204,767
5208,767
5211,767
5212,768
5220,768
5222,769
5234,770
5238,770
5240,771
5242,771
5244,771
5245,771
5249,772
5253,772
5261,773
5265,773
5270,774
5271,774
5272,774
5273,774
5285,776
5288,776
5289,776
5290,776
5301,777
5304,778
5306,778
5318,779
5319,779
5320,780
5334,781
5338,782
5341,782
5344,782
5351,783
5352,783
5362,784
5371,785
5378,786
5392,788
5393,788
5394,788
5399,788
5414,790
5417,790
5418,790
5424,791
5427,791
5432,792
5437,793
5449,794
5451,794
5452,794
5458,795
5495,799
5519,802
5520,802
5524,802
5525,802
5528,803
5531,803
5539,804
5541,804
5549,805
5553,805
5555,806
5556,806
5557,806
5559,806
5578,808
5587,809
5588,809
5590,810
5597,810
5601,811
5607,811
5610,812
5611,812
5612,812
5623,813
5629,814
5637,815
5640,815
5646,816
5659,817
5667,818
5677,819
5682,820
5684,820
5690,821
5697,821
5698,822
5700,822
5704,822
5707,823
5710,823
5727,825
5729,825
5731,825
5740,826
5742,826
5751,827
5754,828
5755,828
5756,828
5764,829
5774,830
5788,832
5789,832
5796,832
5804,833
5805,833
5806,834
5814,834
5815,835
5824,836
5840,837
5844,838
5859,839
5863,840
5869,841
5870,841
5880,842
5891,843
5894,843
5896,844
5900,844
5913,845
5920,846
5921,846
5924,847
5927,847
5931,847
5935,848
5936,848
5944,849
5945,849
5946,849
5950,850
5955,850
5961,851
5967,851
5970,852
5971,852
5974,852
5979,853
5983,853
5988,854
5989,854
5993,854
5999,855
6000,855
6001,855
6005,856
6008,856
6010,856
6024,858
6028,858
6031,859
6034,859
6038,859
6039,859
6042,860
6046,860
6054,861
6057,861
6064,862
6067,863
6070,863
6071,863
6073,863
6083,864
6084,864
6087,865
6089,865
6091,865
6092,865
6097,866
6103,867
6120,868
6124,869
6127,869
6137,870
6138,870
6140,871
6141,871
6146,871
6147,871
6157,873
6158,873
6159,873
6162,873
6169,874
6171,874
6172,874
6173,874
6186,876
6187,876
6189,876
6196,877
6198,877
6223,880
6226,880
6230,881
6233,881
6236,881
6242,882
6246,882
6247,883
6248,883
6254,883
6261,884
6264,884
6301,889
6302,889
6303,889
6313,890
6315,890
6321,891
6322,891
6330,892
6341,893
6353,894
6355,895
6360,895
6369,896
6374,897
6375,897
6376,897
6383,898
6390,898
6391,899
6394,899
6398,899
6401,900
6413,901
6417,901
6425,902
6426,902
6427,903
6430,903
6433,903
6437,904
6448,905
6453,905
6463,907
6470,907
6473,908
6474,908
6480,908
6481,909
6482,909
6484,909
6489,909
6499,911
6501,911
6502,911
6505,911
6523,913
6527,914
6528,914
6530,914
6543,915
6546,916
6549,916
6560,917
6568,918
6569,918
6571,919
6576,919
6586,920
6588,920
6597,921
6604,922
6609,923
6610,923
6615,923
6621,924
6624,924
6625,925
6626,925
6633,925
6637,926
6638,926
6639,926
6646,927
6655,928
6670,930
6673,930
6674,930
6675,930
6683,931
6685,931
6689,932
6697,933
6699,933
6709,934
6718,935
6723,935
6724,936
6726,936
6730,936
6732,936
6739,937
6760,940
6761,940
6764,940
6767,940
6769,941
6774,941
6779,942
6786,942
6792,943
6796,944
6799,944
6802,944
6804,944
6811,945
6817,946
6819,946
6823,947
6829,947
6830,947
6832,948
6836,948
6837,948
6855,950
6862,951
6864,951
6888,954
6892,954
6895,955
6904,956
6911,956
6912,956
6919,957
6921,957
6924,958
6926,958
6931,959
6934,959
6938,959
6941,960
6946,960
6948,960
6949,961
6954,961
6957,961
6961,962
6965,962
6966,962
6967,963
6975,963
6984,964
6987,965
6989,965
6992,965
6996,966
6997,966
7000,966
7008,967
7015,968
7017,968
7025,969
7027,969
7031,970
7036,970
7038,970
7044,971
7048,972
7060,973
7061,973
7063,973
7069,974
7071,974
7082,975
7095,977
7099,977
7107,978
7117,979
7118,979
7122,980
7123,980
7125,980
7129,981
7133,981
7136,981
7144,982
7151,983
7154,983
7160,984
7164,984
7167,985
7169,985
7183,987
7185,987
7194,988
7200,988
7207,989
7208,989
7209,989
7218,990
7220,991
7223,991
7225,991
7233,992
7234,992
7236,992
7254,994
7261,995
7266,996
7272,996
7275,997
7276,997
7279,997
7285,998
7292,999
7294,999
7297,999
7300,1000
7308,1000
7313,1001
7317,1001
7322,1002
7325,1002
7330,1003
7332,1003
7338,1004
7341,1004
7350,1005
7355,1006
7361,1006
7365,1007
7375,1008
7378,1008
7379,1008
7392,1010
7400,1011
7401,1011
7403,1011
7408,1012
7413,1012
7417,1013
7421,1013
7422,1013
7424,1013
7433,1014
7435,1015
7436,1015
7446,1016
7448,1016
7449,1016
7454,1017
7455,1017
7458,1017
7463,1018
7464,1018
7469,1018
7471,1019
7475,1019
7478,1019
7486,1020
7492,1021
7495,1021
7511,1023
7515,1023
7521,1024
7528,1025
7529,1025
7534,1026
7539,1026
7545,1027
7546,1027
7561,1029
7568,1029
7570,1030
7571,1030
7573,1030
7574,1030
7575,1030
7576,1030
7577,1030
7590,1032
7592,1032
7593,1032
7597,1033
7598,1033
7601,1033
7602,1033
7603,1033
7622,1035
7626,1036
7629,1036
7630,1036
7634,1037
7637,1037
7638,1037
7639,1037
7653,1039
7669,1041
7670,1041
7672,1041
7674,1041
7678,1042
7684,1042
7689,1043
7691,1043
7695,1043
7700,1044
7701,1044
7704,1044
7705,1045
7707,1045
7708,1045
7715,1046
7727,1047
7728,1047
7731,1047
7734,1048
7736,1048
7748,1049
7755,1050
7757,1050
7759,1051
7765,1051
7769,1052
7775,1052
7782,1053
7786,1054
7789,1054
7791,1054
7800,1055
7804,1056
7805,1056
7811,1056
7824,1058
7826,1058
7830,1058
7833,1059
7841,1060
7844,1060
7847,1060
7849,1061
7852,1061
7859,1062
7861,1062
7867,1063
7872,1063
7875,1063
7891,1065
7892,1065
7895,1066
7897,1066
7908,1067
7909,1067
7911,1067
7915,1068
7919,1068
7921,1069
7922,1069
7925,1069
7931,1070
7932,1070
7940,1071
7945,1071
7969,1074
7973,1074
7977,1075
7980,1075
7981,1075
7985,1076
8004,1078
8016,1079
8024,1080
8026,1080
8029,1081
8030,1081
8037,1081
8042,1082
8045,1082
8080,1086
8084,1087
8086,1087
8088,1087
8090,1087
8097,1088
8099,1088
8100,1088
8102,1089
8107,1089
8108,1089
8109,1089
8110,1090
8114,1090
8117,1090
8127,1091
8128,1092
8129,1092
8138,1093
8143,1093
8144,1093
8148,1094
8162,1095
8168,1096
8181,1097
8185,1098
8187,1098
8191,1099
8192,1099
8193,1099
8194,1099
8198,1099
8201,1100
8202,1100
8203,1100
8214,1101
8219,1102
8228,1103
8230,1103
8242,1104
8252,1105
8268,1107
8273,1108
8275,1108
8283,1109
8285,1109
8291,1110
8294,1110
8296,1110
8297,1110
8300,1111
8305,1111
8309,1112
8310,1112
8317,1113
8320,1113
8323,1113
8330,1114
8333,1114
8337,1115
8340,1115
8344,1116
8350,1116
8351,1116
8353,1117
8358,1117
8363,1118
8377,1119
8379,1119
8383,1120
8384,1120
8391,1121
8399,1122
8418,1124
8421,1124
8422,1124
8426,1125
8427,1125
8428,1125
8433,1125
8435,1126
8442,1126
8449,1127
8452,1128
8457,1128
8462,1129
8463,1129
8473,1130
8489,1132
8492,1132
8494,1132
8498,1133
8499,1133
8500,1133
8506,1134
8507,1134
8513,1134
8527,1136
8541,1137
8542,1138
8543,1138
8552,1139
8557,1139
8564,1140
8569,1141
8584,1142
8592,1143
8593,1143
8603,1144
8606,1145
8612,1145
8619,1146
8620,1146
8623,1147
8626,1147
8630,1147
8631,1147
8633,1148
8638,1148
8639,1148
8644,1149
8652,1150
8655,1150
8658,1150
8661,1151
8663,1151
8664,1151
8666,1151
8669,1152
8670,1152
8676,1152
8680,1153
8689,1154
8690,1154
8694,1154
8702,1155
8715,1157
8716,1157
8721,1157
8733,1159
8738,1159
8739,1159
8740,1160
8747,1160
8750,1161
8756,1161
8757,1161
8759,1162
8761,1162
8763,1162
8766,1162
8770,1163
8772,1163
8777,1164
8779,1164
8782,1164
8785,1165
8787,1165
8790,1165
8795,1166
8798,1166
8799,1166
8806,1167
8809,1167
8833,1170
8851,1172
8856,1172
8857,1173
8865,1173
8885,1176
8886,1176
8888,1176
8893,1177
8895,1177
8904,1178
8908,1178
8912,1179
8913,1179
8925,1180
8944,1182
8948,1183
8959,1184
8979,1186
8981,1186
8986,1187
8993,1188
9003,1189
9007,1189
9010,1190
9012,1190
9013,1190
9019,1191
9020,1191
9024,1191
9027,1191
9029,1192
9032,1192
